Stav,Pavilon,Místnost,IČ,Inv. číslo,Název,Seznam,,Cena,Datum pořízení,IČ1,IČ2,Podtyp,Poznámka,SN,Typ,VYRAD,Změna,_source_2024,_source_2025
,1,23,S,5278,MIKROFON,,,,,,,,,,RADIUM 100,,,True,
,1,27,S,5409,PRODLUZOVACKA,,,,,,,,,,5,,,True,
,1,27,S,5408,,,,,,,,,,,3,,,True,
,1,07,S,5281,MIKROFON,,,,,,,,,,RADIUM 100,,,True,
--,1,1,UP,UP-5921,NTB,TRUE,,23 558.50,01.07.2022,UP,5921,TMP215-56-72J7,,NXVOAEC00314608287600,Notebook Acer TravelMate P2,,,True,True
--,1,4,S,S-5309,NTB,TRUE,,26 003.00,22.12.2020,S,5309,,,,Notebook Acer TravelMate,,,True,True
,1,6,S,S-4508,PROJEKTOR,TRUE,,38 135.00,25.12.2015,S,4508,,,,projektor VIVITEK-video,,,True,True
OK,1,07,S,S-5570,PC,TRUE,,16 637.50,29.12.2021,S,5570,,,,PC HP ProDesk 405G6 SFF,,,True,True
--,1,07,S,4334,TISKARNA,,,,,,,,,,SHARP 6020N,,,True,
,1,20,Š,3542/2,MONITOR,,,,,,,SyncMAster B2240,,,Samsung,,,True,
--,1,20,S,5917,NTB,,,,,,,Vero N20C5,,,Acer TravelMate,,,True,
,1,20,S,S-5355,PC,TRUE,,15 016.10,31.12.2020,S,5355,,,,PC HP Pro Desk 405 G6DM,,,True,True
,1,20,S,5823,TISKARNA,,,,,,,M1180,,,Epson,,,True,
OK,1,05,UP,UP-4782,PC,TRUE,,7 690.00,13.09.2018,UP,4782,,,,PC sestava elite desk 800,,,True,True
,1,22,S,S-4714,PROJEKTOR,TRUE,,37 950.00,24.11.2017,S,4714,,,,projektor Vivitek D757WT,,,True,True
OK,1,22,S,S-5085,REPRO,TRUE,,1 650.00,16.09.2020,S,5085,,,,Repro bedny Genius-set 2 ks,,,True,True
,1,23,UP,5949,3DTISK,,76217 Kč,,23.8.2022,,,,,,Prusa Mini/NTB,,,True,
OK,1,23,UP,5948,NTB,,47280,,23.8.2022,,,,,,HP ProBo,,,True,
,1,23,UP,5947,3DTISK,,159318,,23.8.2022,,,,,,Raise3D Pro 2 Plus,,,True,
,2,2,S,S-4847,MONITOR,TRUE,,2 350.00,29.03.2019,S,4847,K222HQL,,,"monitor-Acer LCD, LED 55 cm",,D,True,True
,1,23,S,S-4854,MONITOR,TRUE,,16 400.00,29.03.2019,S,4854,,,,monitor-LCD CZ350CKbmiiphx,,,True,True
q,1,23,S,S-5119,5119,TRUE,,27 642.45,23.10.2020,S,5119,SWIFT 3,,,Acer Swift 3 ProBook,,,True,True
,1,23,S,S-5307,NTB,TRUE,,39 809.00,22.12.2020,S,5307,,,,Notebook ASUS ROG Zephyrus,,,True,True
OK,1,23,UP,UP-5945,PC,TRUE,,52 607.17,23.08.2022,UP,5945,RTX3070,,,PC Premio Game A261 - SM,,,True,True
OK,1,23,S,S-4897,PC,TRUE,,15 555.00,31.10.2019,S,4897,,,,PC HP EliteDesk 800G2,,,True,True
OK,1,23,UP,UP-4768,MONITOR,TRUE,,2 090.00,27.08.2018,UP,4768,ZR22w,,,monitor LCD ZR22,,,True,True
OK,1,23,S,S-4411,repro,TRUE,,1 590.00,10.09.2015,S,4411,,,,bedničky repro,,,True,True
,1,25,UP,UP-5731,PC,TRUE,,46 012.66,08.12.2021,UP,5731,GTX770,,,Desktop žákovský,,,True,True
OK,1,25,UP,UP-5732,PC,TRUE,,46 012.66,08.12.2021,UP,5732,GTX771,,,Desktop žákovský,,,True,True
OK,1,25,UP,UP-5733,PC,TRUE,,46 012.66,08.12.2021,UP,5733,GTX772,,,Desktop žákovský,,,True,True
,1,25,UP,UP-5734,PC,TRUE,,46 012.66,08.12.2021,UP,5734,GTX773,,,Desktop žákovský,,,True,True
,1,25,UP,UP-5735,PC,TRUE,,46 012.66,08.12.2021,UP,5735,GTX774,,,Desktop žákovský,,,True,True
OK,1,25,UP,UP-5736,PC,TRUE,,46 012.66,08.12.2021,UP,5736,GTX775,,,Desktop žákovský,,,True,True
OK,1,25,UP,UP-5737,PC,TRUE,,46 012.66,08.12.2021,UP,5737,GTX776,,,Desktop žákovský,,,True,True
OK,1,25,UP,UP-5738,PC,TRUE,,46 012.66,08.12.2021,UP,5738,GTX777,,,Desktop žákovský,,,True,True
OK,1,25,UP,UP-5739,PC,TRUE,,46 012.66,08.12.2021,UP,5739,GTX778,,,Desktop žákovský,,,True,True
OK,1,25,UP,UP-5740,PC,TRUE,,46 012.66,08.12.2021,UP,5740,GTX779,,,Desktop žákovský,,,True,True
OK,1,25,UP,UP-5741,PC,TRUE,,46 012.66,08.12.2021,UP,5741,GTX780,,,Desktop žákovský,,,True,True
OK,1,25,UP,UP-5742,PC,TRUE,,46 012.66,08.12.2021,UP,5742,GTX781,,,Desktop žákovský,,,True,True
OK,1,25,UP,UP-5743,PC,TRUE,,46 012.66,08.12.2021,UP,5743,GTX782,,,Desktop žákovský,,,True,True
OK,1,23,UP,UP-5744,PC,TRUE,,46 012.66,08.12.2021,UP,5744,GTX783,,,Desktop žákovský,,,True,True
,1,26,S,S-5183,NTB,TRUE,,8 350.00,19.11.2020,S,5183,,,,Notebook Asus,,,True,True
,1,27,S,S-5315,CHROMEBO,TRUE,,15 990.00,22.12.2020,S,5315,,,,Chromebook Acer,,,True,True
,1,27,S,S-5317,CHROMEBO,TRUE,,15 990.00,22.12.2020,S,5317,,,,Chromebook Acer,,,True,True
,1,27,S,5384,MIKROFON,,,,,,,,,,RADIUM 100,,,True,
OK,1,23,Š,S-4683,MONITOR,TRUE,,4 020.00,29.08.2017,S,4683,VX248,,,"monitor VX248H 24""",,,True,True
OK,2,31,S,S-4503,MONITOR,TRUE,,2 683.00,21.12.2015,S,4503,E2070S,,,monitor AOC LCD,,,True,True
,1,27,S,S-4850,MONITOR,TRUE,,2 350.00,29.03.2019,S,4850,,,,"monitor-Acer LCD, LED 55cm",,RWS,True,True
,1,27,S,5252,MYS,,,,,,,X4000B,,,HP,,,True,
,1,27,S,5257,MYS,,,,,,,X4000B,,,HP,,,True,
,1,27,S,5250,MYS,,,,,,,X4000B,,,HP,,,True,
,1,27,S,5261,MYS,,,,,,,X4000B,,,HP,,,True,
,1,27,UP,UP-5922,NTB,TRUE,,23 558.50,01.07.2022,UP,5922,TMP215-56-72J7,,,Notebook Acer TravelMate P2,,,True,True
,1,27,S,5922,NTB,,,,,,,TravelMAte P,,,Acer,,,True,
,2,4,S,4502,PC,,,,,,,,,,PC Lenovo TC Edge,,,True,
OK,3,31,S,S-4843,PC,TRUE,,25 000.00,29.03.2019,S,4843,Veriton,,,PC-Acer Veriton S2660G,,,True,True
OK,3,29,S,S-4730,PC,TRUE,,7 922.00,22.12.2017,S,4730,,,,PC-HP Compag Elite 8200,,,True,True
,1,27,S,S-5357,PC,TRUE,,15 016.10,31.12.2020,S,5357,,,,PC HP Pro Desk 405 G6DM,,,True,True
,2,5,S,S-4899,PC,TRUE,,15 555.00,31.10.2019,S,4899,,,,PC HP EliteDesk 800G2,,,True,True
,1,27,S,S-5895,PC,TRUE,,22 990.00,30.12.2022,S,5895,MT2924 GTX,,,PC Acer Nitro N50-120+klávesnice,,,True,True
OK,3,05,S,S-4813,REPRO,TRUE,,1 499.00,26.11.2018,S,4813,,,,repro bedničky Genius SP-HF dřevěné,,,True,True
OK,1,27,S,S-5084,REPRO,TRUE,,1 650.00,16.09.2020,S,5084,,,,Repro bedny Genius-set 2 ks,,,True,True
,1,27,S,S-5479,ROUTER,TRUE,,65 644.70,08.12.2021,S,5479,100E/F-60F,,,Router/Firewall,,,True,True
,1,27,S,S-4348,SWITCH,TRUE,,14 153.00,14.05.2015,S,4348,,,,Switch HP 2530-24G,,,True,True
,1,27,S,S-4978,TABLET,TRUE,,9 995.00,23.12.2019,S,4978,,,,"Tablet pocket 10""",,,True,True
,1,27,S,S-5273,TABLET,TRUE,,4 120.00,18.12.2020,S,5273,,,,Tablet xp-pen deco,,3/4,True,True
,1,27,S,S-5274,TABLET,TRUE,,4 120.00,18.12.2020,S,5274,,,,Tablet xp-pen deco,,3/29,True,True
,1,27,S,S-5275,TABLET,TRUE,,4 120.00,18.12.2020,S,5275,,,,Tablet xp-pen deco,,3/29,True,True
,1,27,S,S-5276,TABLET,TRUE,,4 120.00,18.12.2020,S,5276,,,,Tablet xp-pen deco,,3/7,True,True
OK,1,27,UP,UP-5960,TABLET,TRUE,,9 668.00,25.10.2022,UP,5960,,,,Tablet Acer Enduro Urban T3,,,True,True
OK,1,27,UP,UP-5959,TABLET,TRUE,,9 668.00,25.10.2022,UP,5959,,,,Tablet Acer Enduro Urban T3,,,True,True
,1,27,UP,UP-5966,TABLET,TRUE,,10 272.00,25.10.2022,UP,5966,iPad,,,Tablet Apple iPad,,,True,True
,1,27,S,5305,TISKARNA,,,,,,,LBP226dw,,,CANON,,1/20,True,
,1,27,S,S-5903,UPS,TRUE,,39 412.12,30.12.2022,S,5903,Smart,,,UPS 2200VA,,,True,True
,1,27,S,5842,VR,,,,,,,,,,HP REVERB G2,,,True,
OK,1,31,S,S-4599,REPRO,TRUE,,1 650.00,09.09.2016,S,4599,,,,bedničky repro Genius SP-HF,,,True,True
OK,1,32,S,S-4694,REPRO,TRUE,,1 680.00,16.10.2017,S,4694,,,,repro bedničky dřevěné,,,True,True
,1,02,S,5324,MYS,,,,,,,VERTO POLOH,,,TRUST,,OV,True,
,1,02,S,5327,MYS,,,,,,,VERTO POLOH,,,TRUST,,OV,True,
,1,20,S,3705,MONITOR,,,,,,,,,,Samsung,,,True,
,1,02,S,S-5308,NTB,TRUE,,27 818.00,22.12.2020,S,5308,,,,Notebook Acer Aspire 5,,,True,True
,1,03,S,5386,KAMERA,,,,,,,,,,C-2525,,,True,
,1,03,S,5382,MIKROFON,,,,,,,,,,RADIUM 100,,,True,
OK,1,03,S,S-3296,MONITOR,TRUE,,3 850.00,29.12.2009,S,3296,4:3,,,monitor,,,True,True
OK,1,03,S,S-4654,PC,TRUE,,5 980.00,13.06.2017,S,4654,Dell,,,PC-Opteplex,,,True,True
OK,1,03,S,S-4410,REPRO,TRUE,,1 590.00,10.09.2015,S,4410,,,,bedničky repro,,?,True,True
,1,04,S,S-4976,MONITOR,TRUE,,5 191.00,23.12.2019,S,4976,,,,"Monitor Acer KG271miix 27""",,,True,True
,1,04,S,S-4757,PC,TRUE,,28 798.00,05.06.2018,S,4757,,,,PC-HP EliteDesk,,,True,True
,1,04,S,5410,UPS,,,,,,,,,,FORTRON,,,True,
,3,27,s,--,REPRO,,,,,,,,,,GENIUS,,,True,
OK,1,05,S,S-4504,MONITOR,TRUE,,2 683.00,21.12.2015,S,4504,E2070S,,,monitor AOC LCD,,,True,True
,1,23,S,4736,UPS,,,,,,,,,,APC 1000 + síť. karta,,,True,
OK,1,25,S,S-4501,PC,TRUE,,13 764.00,21.12.2015,S,4501,,,,PC Lenovo TC Edge,,,True,True
,1,23,S,4789,SWITCH,,,,,,,,,,HP-2530-24G,,,True,
OK,1,05,S,S-4810,REPRO,TRUE,,1 499.00,26.11.2018,S,4810,,,,repro bedničky Genius PS-HF dřevěné,,,True,True
?,1,05,S,5243,SLUCHATKA,,,,,,,,,,E-BLUE,,,True,
OK,1,06,S,S-4505,MONITOR,TRUE,,2 685.00,21.12.2015,S,4505,E2070S,,,monitor AOC LCD,,,True,True
OK,1,06,S,S-4500,PC,TRUE,,13 764.00,21.12.2015,S,4500,,,,PC Lenovo TC Edge,,,True,True
OK,1,07,Š,S-2882,MONITOR,TRUE,,6 000.00,21.12.2007,S,2882,Syncmaster 205BW,,,"monitor 20""LCD Samsung 205 BW",,,True,True
OK,1,07,Š,S-4851,MONITOR,TRUE,,2 350.00,29.03.2019,S,4851,K222HQL,,,"monitor-Acer LED, LCD 55cm",,,True,True
OK,1,07,Š,S-4857,PC,TRUE,,15 200.00,29.03.2019,S,4857, VERITON ES2710G,,,PC-Acer Veriton E2710G,,,True,True
,1,07,S,4338,TISKARNA,,,,,,,Phaser 3020,,,XEROX,,,True,
--,1,07,S,4535,TISKARNA,,,,,,,AR-6020D,,,SHARP,,,True,
,1,20,Š,S-4773,MONITOR,TRUE,,2 323.00,10.09.2018,S,4773,,,,monitor LCD WLED,,,True,True
,1,20,S,5326,MYS,,,,,,,VERTO POLOH,,,TRUST,,OV,True,
,1,20,Š,S-4772,pc,TRUE,,17 533.00,10.09.2018,S,4772,,,,PC ProDesk 400G5,,,True,True
,1,20,S,4137,tiskarna,,,,,,,MX-2314,,,Sharp,,,True,
,1,20,S,4377,tiskarna,,,,,,,M2625D,,,Samsung,,,True,
,1,25,S,3544,PC,,,,,,,,,,LYNX INTEL CEL 4,,,True,
,1,25,S,3545,PC,,,,,,,,,,LYNX INTEL CEL 4,,,True,
,1,25,S,3546,PC,,,,,,,,,,LYNX INTEL CEL 4,,,True,
,1,25,S,3547,PC,,,,,,,,,,LYNX INTEL CEL 4,,,True,
,1,25,S,3548,PC,,,,,,,,,,LYNX INTEL CEL 4,,,True,
,1,25,S,3549,PC,,,,,,,,,,LYNX INTEL CEL 4,,,True,
,1,25,S,3550,PC,,,,,,,,,,LYNX INTEL CEL 4,,,True,
,1,25,S,3551,PC,,,,,,,,,,LYNX INTEL CEL 4,,,True,
,1,25,S,3552,PC,,,,,,,,,,LYNX INTEL CEL 4,,,True,
N,1,25,S,3554,PC,,,,,,,,,,LYNX INTEL CEL 4,,Z,True,
,1,25,S,3555,PC,,,,,,,,,,LYNX INTEL CEL 4,,,True,
N,1,25,S,3556,PC,,,,,,,,,,LYNX INTEL CEL 4,,Z,True,
,1,25,S,3557,PC,,,,,,,,,,LYNX INTEL CEL 4,,,True,
,1,25,S,3558,PC,,,,,,,,,,LYNX INTEL CEL 4,,,True,
,1,25,S,3559,PC,,,,,,,,,,LYNX INTEL CEL 4,,,True,
,1,25,S,3560,PC,,,,,,,,,,LYNX INTEL CEL 4,,,True,
,1,25,S,3561,PC,,,,,,,,,,LYNX INTEL CEL 4,,,True,
,1,25,S,3562,PC,,,,,,,,,,LYNX INTEL CEL 4,,,True,
,1,25,S,3563,PC,,,,,,,,,,LYNX INTEL CEL 4,,,True,
,1,25,S,3564,PC,,,,,,,,,,LYNX INTEL CEL 4,,,True,
,1,25,S,3565,PC,,,,,,,,,,LYNX INTEL CEL 4,,,True,
N,1,25,S,3566,PC,,,,,,,,,,LYNX INTEL CEL 4,,Z,True,
,1,25,S,3567,PC,,,,,,,,,,LYNX INTEL CEL 4,,,True,
N,1,25,S,3568,PC,,,,,,,,,,LYNX INTEL CEL 4,,Z,True,
N,1,25,S,3569,PC,,,,,,,,,,LYNX INTEL CEL 4,,Z,True,
,1,25,S,3570,PC,,,,,,,,,,LYNX INTEL CEL 4,,,True,
,1,25,S,3571,PC,,,,,,,,,,LYNX INTEL CEL 4,,,True,
,1,25,S,3572,PC,,,,,,,,,,LYNX INTEL CEL 4,,,True,
,1,25,S,3573,PC,,,,,,,,,,LYNX INTEL CEL 4,,,True,
OK,1,22,S,S-4733,MONITOR,TRUE,,2 490.00,22.12.2017,S,4733,K222HQL,,,monitor LCD K222Lbd LED,,,True,True
,1,23,UP,4626,3D,,,,,,,,,,Prusa i3 tisk,,,True,
,1,23,S,5372,COOLING,,,,,,,,,,NOTEBO COOLING,,,True,
OK,1,23,S,S-5322,GRAF TABLET,TRUE,,12 990.00,28.12.2020,S,5322,CREATIVE PEN,,,Tablet Wacom creative pen,,,True,True
,1,25,S,3574,MONITOR,,,,,,,,,,ASUS,,1,True,
,1,23,S,5383,MIKROFON,,,,,,,,,,RADIUM 100,,,True,
,1,25,S,3577,MONITOR,,,,,,,,,,ASUS,,3,True,
,1,25,S,3578,MONITOR,,,,,,,,,,ASUS,,4,True,
,1,25,S,3579,MONITOR,,,,,,,,,,ASUS,,5,True,
,1,23,Š,3902,MONITOR,,,,,,,,,,Fujitsu,,,True,
,1,25,S,3584,MONITOR,,,,,,,,,,ASUS,,8,True,
,1,25,S,3585,MONITOR,,,,,,,,,,ASUS,,9,True,
,1,23,S,S-4383,MONITOR,TRUE,,2 890.00,25.06.2015,S,4383,K222HQL,,,monitor K222HQL,,RWS,True,True
,1,23,S,4415,MONITOR,,,,,,,KA210HQ,,,acer,,D,True,
,1,23,S,S-4579,MONITOR,TRUE,,2 510.00,31.08.2016,S,4579,E2270SWDN,,,monitor AOC MT LCD,,NM,True,True
,2,29,S,4625/2,MONITOR,,,,,,,223V,,,Philips,,MS,True,
,1,25,S,3590,MONITOR,,,,,,,,,,ASUS,,14,True,
OK,1,25,UP,UP-4766,MONITOR,TRUE,,2 090.00,27.08.2018,UP,4766,,,,monitor LCD ZR22,,,True,True
OK,2,28,Š,S-4848,MONITOR,TRUE,,2 350.00,29.03.2019,S,4848,K222HQL,,,"monitor-Acer LCD, LED 55cm",,RWS,True,True
,1,23,S,5270,MYS,,,,,,,TRACKBALL,,,LOGITECH,,,True,
,1,25,S,3597,MONITOR,,,,,,,,,,ASUS,,18,True,
,1,23,S,5271,MYS,,,,,,,TRACKBALL,,,LOGITECH,,,True,
,1,23,S,5272,MYS,,,,,,,TRACKBALL,,,LOGITECH,,,True,
,1,23,S,5325,MYS,,,,,,,VERTO POLOH,,,TRUST,,DH,True,
,1,23,S,5328,MYS,,,,,,,VERTO POLOH,,,TRUST,,OV,True,
,1,23,S,4076,NTB,,,,,,,i5,,,HP ProBo,,1/23,True,
OK,1,27,S,S-5356,PC,TRUE,,15 016.10,31.12.2020,S,5356,,,,PC HP Pro Desk 405 G6DM,,RWS,True,True
,1,25,UP,3255/2,MONITOR,,,,,,,,,,,,23,True,
,1,25,UP,3361/2,MONITOR,,,,,,,,,,,,24,True,
,1,25,UP,3362/2,MONITOR,,,,,,,,,,,,25,True,
,1,25,UP,3367/2,MONITOR,,,,,,,,,,,,26,True,
,1,25,UP,3368/2,MONITOR,,,,,,,,,,,,27,True,
,1,25,UP,3371/2,MONITOR,,,,,,,,,,,,28,True,
,1,25,UP,3377/2,MONITOR,,,,,,,,,,,,29,True,
,1,25,S,3576,MONITOR,,,,,,,,,,ASUS,,2,True,
OK,1,25,S,S-3583,MONITOR,TRUE,,9 517.00,29.07.2011,S,3583,,,,monitor LCD,,7,True,True
OK,1,25,S,S-3586,MONITOR,TRUE,,9 517.00,29.07.2011,S,3586,,,,monitor LCD,,10,True,True
OK,1,25,S,S-3587,MONITOR,TRUE,,9 517.00,29.07.2011,S,3587,,,,monitor LCD,,11,True,True
OK,1,25,S,S-3588,MONITOR,TRUE,,9 517.00,29.07.2011,S,3588,,,,monitor LCD,,12,True,True
OK,1,25,S,S-3589,MONITOR,TRUE,,9 517.00,29.07.2011,S,3589,,,,monitor LCD,,13,True,True
OK,1,25,S,S-3592,MONITOR,TRUE,,9 517.00,29.07.2011,S,3592,,,,monitor LCD,,15,True,True
OK,1,25,S,S-3593,MONITOR,TRUE,,9 517.00,29.07.2011,S,3593,,,,monitor LCD,,16,True,True
,1,25,S,S-3596,MONITOR,TRUE,,9 517.00,29.07.2011,S,3596,,,,monitor LCD,,17,True,True
OK,1,25,S,S-3598,MONITOR,TRUE,,9 517.00,29.07.2011,S,3598,,,,monitor LCD,,19,True,True
OK,1,25,S,S-3599,MONITOR,TRUE,,9 517.00,29.07.2011,S,3599,,,,monitor LCD,,20,True,True
OK,1,25,S,S-3600,MONITOR,TRUE,,9 517.00,29.07.2011,S,3600,,,,monitor LCD,,21,True,True
OK,1,25,S,S-3603,MONITOR,TRUE,,9 527.00,29.07.2011,S,3603,,,,monitor LCD,,22,True,True
,1,25,UP,3754/2,MONITOR,,,,,,,,,,,,30,True,
,1,25,S,S-4481,MONITOR,TRUE,,3 850.00,27.11.2015,S,4481,,,,"monitor LED ASUS 21,5""",,,True,True
,1,25,S,3542/1,PC,,,,,,,,,,PC Lynx (1/27) - Transparent,,,True,
OK,1,25,UP,UP-4163,PC,TRUE,,11 011.00,14.10.2014,UP,4163,,,,PC-LYNX MS,,,True,True
OK,1,25,UP,UP-4164,PC,TRUE,,11 011.00,14.10.2014,UP,4164,,,,PC-LYNX MS,,,True,True
OK,1,25,UP,UP-4165,PC,TRUE,,11 011.00,14.10.2014,UP,4165,,,,PC-LYNX MS,,,True,True
OK,1,25,UP,UP-4166,PC,TRUE,,11 011.00,14.10.2014,UP,4166,,,,PC-LYNX MS,,,True,True
OK,1,25,UP,UP-4167,PC,TRUE,,11 011.00,14.10.2014,UP,4167,,,,PC-LYNX MS,,,True,True
,1,25,UP,UP-4168,PC,TRUE,,11 011.00,14.10.2014,UP,4168,,,,PC-LYNX MS,,,True,True
OK,1,25,UP,UP-4169,PC,TRUE,,11 011.00,14.10.2014,UP,4169,,,,PC-LYNX MS,,,True,True
OK,1,25,UP,UP-4170,PC,TRUE,,11 011.00,14.10.2014,UP,4170,,,,PC-LYNX MS,,,True,True
OK,1,25,UP,UP-4171,PC,TRUE,,11 011.00,14.10.2014,UP,4171,,,,PC-LYNX MS,,,True,True
OK,1,25,UP,UP-4172,PC,TRUE,,11 011.00,14.10.2014,UP,4172,,,,PC-LYNX MS,,,True,True
OK,1,25,UP,UP-4173,PC,TRUE,,11 011.00,14.10.2014,UP,4173,,,,PC-LYNX MS,,,True,True
OK,1,25,UP,UP-4174,PC,TRUE,,11 011.00,14.10.2014,UP,4174,,,,PC-LYNX MS,,,True,True
OK,1,25,UP,UP-4175,PC,TRUE,,11 011.00,14.10.2014,UP,4175,,,,PC-LYNX MS,,,True,True
OK,1,25,UP,UP-4176,PC,TRUE,,11 011.00,14.10.2014,UP,4176,,,,PC-LYNX MS,,,True,True
OK,1,25,UP,UP-4177,PC,TRUE,,11 011.00,14.10.2014,UP,4177,,,,PC-LYNX MS,,,True,True
OK,1,25,UP,4178,PC,,,,,,,,,,LYNX,,,True,
OK,1,25,UP,UP-4179,PC,TRUE,,11 011.00,14.10.2014,UP,4179,,,,PC-LYNX MS,,,True,True
OK,1,25,UP,UP-4180,PC,TRUE,,11 011.00,14.10.2014,UP,4180,,,,PC-LYNX MS,,,True,True
,1,25,S,S-4531,projektor,TRUE,,20 990.00,22.03.2016,S,4531,,,,projektor Epson EB-U04,,,True,True
N,1,27,UP,3359/2,MONITOR,,,,,,,,,,,,Z,True,
N,1,27,UP,3360/2,MONITOR,,,,,,,,,,,,Z,True,
N,1,27,S,3474,MONITOR,,,,,,,,,,,,Z,True,
,1,27,S,4499,KAMERA,,,,,,,,,,Sony DSC-RX 100,,,True,
,1,27,S,4259,UPS,,,,,,,,,,KARTA MANAGEMENT SMT 100,,,True,
,1,27,S,4277,router,,,,,,,,,,Mikrotik 10port RED,,,True,
,1,25,S,S-4572,TV,TRUE,,16 643.00,31.08.2016,S,4572,,,,monitor Samsung LFD,,,True,True
,1,27,S,S-5312,CHROMEBO,TRUE,,15 990.00,22.12.2020,S,5312,,,,Chromebook Acer 1,,,True,True
,1,27,S,5187,KAMERA,,,,,,,,,,POWERTON,,,True,
,1,07,S,5189,KAMERA,,,,,,,,,,POWERTON,,,True,
,1,27,S,5387,KAMERA,,,,,,,,,,REBEL,,,True,
,1,27,S,3923/2,MONITOR,,,,,,,S230HL,,,acer,,RWS,True,
,1,27,S,"4027
",MONITOR,,,,,,,"27"" LED matný",,,Fujtsu,,,True,
OK,1,27,UP,UP-4623,MONITOR,TRUE,,3 024.00,29.05.2017,UP,4623,227E,,,monitor Philips,,RWS?,True,True
,1,27,S,S-4972,MONITOR,TRUE,,2 667.00,20.12.2019,S,4972,KG221Q,,,"LCD 22"" Acer KG221Q",,,True,True
,1,27,S,5247,MYS,,,,,,,LASER,,,MICROSOFT,,,True,
,1,27,S,5248,MYS,,,,,,,LASER,,,MICROSOFT,,,True,
,1,27,S,5255,MYS,,,,,,,X4000B,,,HP,,,True,
,1,27,S,5260,MYS,,,,,,,X4000B,,,HP,,,True,
,1,27,S,5264,MYS,,,,,,,X4000B,,,HP,,,True,
,1,27,S,5265,MYS,,,,,,,X4000B,,,HP,,,True,
,1,27,S,5266,MYS,,,,,,,X4000B,,,HP,,,True,
,1,27,S,5267,MYS,,,,,,,X4000B,,,HP,,,True,
,1,27,S,5268,MYS,,,,,,,X4000B,,,HP,,,True,
,1,27,S,5269,MYS,,,,,,,X4000B,,,HP,,,True,
,1,27,S,S-4701,NAS,TRUE,,30 976.00,03.10.2017,S,4701,,,,PC-Úložiště dat -PC,,,True,True
,1,27,S,S-5306,NTB,TRUE,,38 962.00,22.12.2020,S,5306,SWIFT 5,,,Notebook Acer Swift 5,,,True,True
,1,27,UP,3359,PC,,,,,,,,,,LYNX,,,True,
,1,27,S,5207,PC,,,,,,,,,,RASPBERRY PI,,,True,
,1,27,S,5208,PC,,,,,,,,,,RASPBERRY PI,,,True,
,1,27,S,4682,RJ45,,,,,,,,,,RJ45 TESTER,,,True,
,3,27,Š,S-4734,UPS,TRUE,,3 739.00,22.12.2017,S,4734,,,,záložní zdroj,,,True,True
,3,27,S,S-4735,UPS,TRUE,,3 739.00,22.12.2017,S,4735,,,,záložní zdroj,,OV,True,True
OK,1,31,S,5185,KAMERA,,,,,,,,,,POWERTON,,,True,
,1,31,S,5279,MIKROFON,,,,,,,,,,RADIUM 100,,,True,
,1,31,S,4626/2,"MONITOR
",,,,,,,,,,Philips,,,True,
,1,31,S,4627/1,PC,,,,,,,,,,HP 282 G2,,,True,
,1,32,S,4627/2,MONITOR,,,,,,,,,,Philips,,,True,
OK,2,21,S,S-4589,PC,TRUE,,10 677.00,31.08.2016,S,4589,,,,PC ProDesk 400G3,,,True,True
,1,33,S,4628/2,MONITOR,,,,,,,,,,Philips,,,True,
,1,33,S,4625/1,pc,,,,,,,,,,HP 280 G2,,,True,
,1,33,S,4633,PROJEKTOR,,,,,,,UHP190,,,BENQ,,,True,
,1,33,S,S-4693,repro,TRUE,,1 680.00,16.10.2017,S,4693,,,,repro bedničky dřevěné,,,True,True
,1,33,S,bez,wifi,,,,,,,,,,tplink,,,True,
,1,CO,S,4040,KLIMATIZACE,,,,,,,,,,Delonghi,,,True,
,1,X,S,4268,NTB,,,,,,,,,,Asus,,,True,
,2,2,S,S-5117,NTB,TRUE,,27 642.45,23.10.2020,S,5117,SWIFT 3,,,Acer Swift 3 ProBook,,,True,True
,2,3,S,S-4588,PC,TRUE,,10 677.00,31.08.2016,S,4588,,,,PC ProDesk 400G3,,,True,True
,2,6,S,S-4712,PROJEKTOR,TRUE,,37 950.00,24.11.2017,S,4712,,,,projektor Vivitek D757WT,,,True,True
,2,7,S,S-4853,NTB,TRUE,,29 950.00,29.03.2019,S,4853,Spectrum 360,,,PC-notebook HP Spectrax360,,,True,True
OK,2,22,S,S-4414,MONITOR,TRUE,,2 990.00,23.09.2015,S,4414,KA210HQ,,,monitor KA210HQbd,,,True,True
,2,21,S,S-5113,NTB,TRUE,,30 343.17,23.10.2020,S,5113,,,,HP ProBook 435 G7,,,True,True
,2,21,S,3379/2,MONITOR,,,,,,,,,,Samsung SyncMaster 923NW,,,True,
OK,2,22,S,S-5569,PC,TRUE,,16 637.50,29.12.2021,S,5569,,,,PC HP ProDesk 405G6 SFF,,,True,True
,2,22,S,S-4713,PROJEKTOR,TRUE,,37 950.00,24.11.2017,S,4713,,,,projektor Vivitek D757WT,,,True,True
OK,1,23,UP,UP-5745,PC,TRUE,,46 012.66,08.12.2021,UP,5745,GTX784,,,Desktop žákovský,,,True,True
,3,27,S,5192,KAMERA,,,,,,,,,,POWERTON,,,True,
,2,25,S,5280,MIKROFON,,,,,,,,,,RADIUM 100,,,True,
OK,2,25,S,S-4846,PC,TRUE,,16 334.00,29.03.2019,S,4846,Veriton,,,PC-Acer Veriton S2710G,,,True,True
,2,02,S,"4852
","MONITOR
",,,,,,,K222HQL,,,Acer,,,True,
OK,2,28,S,S-5568,PC,TRUE,,16 637.50,29.12.2021,S,5568,,,,PC HP ProDesk 405G6 SFF,,,True,True
,2,02,S,5188,KAMERA,,,,,,,,,,POWERTON,,,True,
,2,02,UP,3525,NTB,,,,,,,,,,Acer TravelMate 5735,,,True,
,2,02,S,S-4845,PC,TRUE,,16 333.00,29.03.2019,S,4845,Veriton,,,PC-Acer Veriton S2710G,,,True,True
,2,03,S,S-4412,MONITOR,TRUE,,2 990.00,23.09.2015,S,4412,KA210HQ,,,monitor KA210HQbd,,,True,True
,2,04,S,4412/2,MONITOR,,,,,,,,,,PHILIPS 170S,,,True,
,2,04,S,S-3898,PC,TRUE,,18 120.00,31.08.2012,S,3898,,,,PC-počítač Lynx MS PowerMedia,,,True,True
,2,04,S,S-3127,REPRO,TRUE,,497.50,19.12.2008,S,3127,,,,repro bedničky 2.0,,,True,True
,2,04,S,4276,TISKARNA,,,,,,,L300,,,EPSON,,,True,
OK,1,23,S,S-4885,MONITOR,TRUE,,4 608.00,31.10.2019,S,4885,,,,"Monitor ACER 21.5""",,,True,True
,2,05,S,S-4889,PROJEKTOR,TRUE,,18 567.00,31.10.2019,S,4889,,,,Projektor Acer 3D/1280x800,,,True,True
OK,1,33,S,S-4808,REPRO,TRUE,,1 499.00,26.11.2018,S,4808,,,,repro bedničky Genius SP-HF dřevěné,,,True,True
,2,06,S,S-4731,MONITOR,TRUE,,2 490.00,22.12.2017,S,4731,,,,monitor LCD K222 HQLbd LED,,,True,True
,2,24,S,4728/1,PC,,,,,,,,,,HP COMPAQ 8200 ELITE SFF,,,True,
OK,2,07,S,S-2878,MONITOR,TRUE,,5 000.00,21.12.2007,S,2878,,,,"monitor 19"" LCD BENQ FP 95G",,,True,True
,2,07,S,S-4416,MONITOR,TRUE,,2 990.00,23.09.2015,S,4416,,,,monitor KA210HQbd,,,True,True
,2,07,S,S-4620,NOTEBO,TRUE,,29 420.00,16.11.2016,S,4620,17,,,PC-ProBook HP 470 G4,,,True,True
,2,07,S,4650,PC,,,,,,,Dell,,,Dell Optiplex 790,,,True,
OK,2,07,S,S-4974,PC,TRUE,,15 990.00,20.12.2019,S,4974,Veriton,,,PC Acer Veriton ES2735G,,,True,True
OK,2,23,S,S-4732,MONITOR,TRUE,,2 490.00,22.12.2017,S,4732,,,,monitor LCD K222Lbd LED,,,True,True
OK,2,23,S,S-4975,PC,TRUE,,15 990.00,20.12.2019,S,4975,VERITON,,,PC Acer Veriton ES2735G,,,True,True
,2,22,S,S-3680,REPRO,TRUE,,3 150.00,10.11.2011,S,3680,,,,bedničky repro RS-215R,,,True,True
OK,2,24,S,S-2964,MONITOR,TRUE,,6 069.00,28.12.2007,S,2964,,,,monitor,,,True,True
,1,27,UP,4843,PC,,,,,,,,,,Acer,,,True,
,2,23,S,S-4353,PROJEKTOR,TRUE,,14 520.00,21.07.2015,S,4353,M311X,,,projektor,,,True,True
,2,24,S,4769,MONITOR,,,,,,,,,,HP ZR22w,,,True,
,2,24,S,4728/2,PC,,,,,,,,,,HP COMPAQ 8200 ELITE SFF,,,True,
,2,24,S,S-4788,REPRO,TRUE,,1 499.00,26.11.2018,S,4788,,,,repro bedničky Genius SP-HF dřevěné,,,True,True
,2,24,S,5230,SLUCHATKA,,,,,,,,,,COBRA E-BLUE,,,True,
OK,2,25,S,S-4849,MONITOR,TRUE,,2 350.00,29.03.2019,S,4849,K222HQL,,,"monitor-Acer LCD, LED 55cm",,,True,True
,2,25,S,S-3900,PROJEKTOR,TRUE,,18 900.00,31.08.2012,S,3900,EB-W12,,,projektor Epson EB-W12,,,True,True
OK,2,26,S,S-4581,MONITOR,TRUE,,2 510.00,31.08.2016,S,4581,,,,monitor AOC MT LCD,,,True,True
,2,26,UP,3525 (8),NOTEBO,,,,,,,TRAVELMATE 5735,,,ACER,,,True,
OK,1,25,S,S-4591,PC,TRUE,,10 677.00,31.08.2016,S,4591,,,,PC ProDesk 400G3,,,True,True
,2,30,S,2809,TISKARNA,,,,,,,LBP3000,,,CANON,,,True,
,2,31,S,S-2812,MONITOR,TRUE,,5 790.00,30.11.2007,S,2812,,,,"monitor 19"" TFT ACER AL1917FSD",,,True,True
,2,31,S,4762,PC,,,,,,,,,,HP EliteDesk 800 G1 SFF,,,True,
,2,31,S,4770,PROJEKTOR,,,,,,,,,,VIVITEK,,,True,
,2,31,S,4786,REPRO,,,,,,,,,,,,,True,
OK,2,32,S,5193,KAMERA,,,,,,,,,,,,,True,
,2,32,S,5385,MIKROFON,,,,,,,,,,RADIUM 100,,,True,
,2,32,S,3070/2,MONITOR,,,,,,,,,,ASUS VB191T,,,True,
OK,1,25,S,S-4031,PC,TRUE,,13 310.00,02.07.2013,S,4031,,,,PC-počítač LENOVO TC EDGE,,,True,True
,2,32,S,S-4028,PROJEKTOR,TRUE,,18 150.00,02.07.2013,S,4028,EB-X14,,,projektor Epson EB-X,,,True,True
,2,33,S,5277,MIKROFON,,,,,,,,,,RADIUM 100,,,True,
,2,33,S,3461/2,MONITOR,,,,,,,,,,ACER V193,,,True,
,2,33,S,4630,PC,,,,,,,Dell,,,DELL OPTIPLEX 7010,,UP,True,
,2,33,S,3674,PROJEKTOR,,,,,,,EB-W12,,,EPSON,,,True,
OK,2,33,S,S-4812,REPRO,TRUE,,1 499.00,26.11.2018,S,4812,,,,repro bedničky Genius SP-HF dřevěné,,,True,True
,3,4,S,S-4971,MONITOR,TRUE,,2 541.00,20.12.2019,S,4971,KA220HQ,,,"LCD 22"" Acer KA220HQ",,,True,True
,3,4,S,S-4592,PC,TRUE,,10 677.00,31.08.2016,S,4592, PRODESK 400 G3,,,PC ProDesk 400G3,,,True,True
,3,7,S,4382,TISKARNA,,,,,,,,,,Samsung,,,True,
OK,3,20,S,S-5904,PC,TRUE,,21 046.74,30.12.2022,S,5904,405 G8,,,PC HP ProDesk/405 G8,,,True,True
,3,21,S,3461,TISKARNA,,,,,,,LBP3010,,,Canon,,,True,
,3,24,UP,UP-5746,PC,TRUE,,46 012.66,08.12.2021,UP,5746,GTX785,,,Desktop žákovský,,,True,True
OK,3,26,Š,S-4856,PC,TRUE,,15 200.00,29.03.2019,S,4856,Veriton,,,PC-Acer Veriton E2710G,,,True,True
,3,25,S,4730/1,PC,,,,,,,,,,HP COMPAQ 8200 ELITE,,,True,
,3,26,S,S-5320,CHROMEBO,TRUE,,15 990.00,22.12.2020,S,5320,,,,Chromebook Acer,,,True,True
,3,26,S,S-5900,SWITCH,TRUE,,39 864.66,30.12.2022,S,5900,6100,,,Switch,,,True,True
,3,27,S,S-5087,CHROMEBO,TRUE,,14 790.00,17.09.2020,S,5087,,,,PO Acer Chromebook,,,True,True
,3,27,S,4639,KAMERA,,,,,,,,,,CANON LEGRIA HFR77,,,True,
,3,27,S,S-4817,NTB,TRUE,,26 990.00,17.12.2018,S,4817,,,,PC notebook Acer TravelMate,,,True,True
,3,27,S,5916,NTB,,,,,,,Vero N20C5,,,Acer TravelMate,,,True,
,3,27,S,5918,NTB,,,,,,,Vero N20C5,,,Acer TravelMate,,,True,
,3,27,S,5919,NTB,,,,,,,Vero N20C5,,,Acer TravelMate,,,True,
,3,27,S,5920,NTB,,,,,,,Vero N20C5,,,Acer TravelMate,,,True,
OK,1,27,S,S-5310,CHROMEBO,TRUE,,15 990.00,22.12.2020,S,5310,,,,Chromebook Acer 1,,,True,True
,3,29,S,S-5118,NTB,TRUE,,27 642.45,23.10.2020,S,5118,SWIFT 3,,,Acer Swift 3 ProBook,,,True,True
,3,29,S,S-4774,NTB,TRUE,,20 141.00,10.09.2018,S,4774,PROBO 450 G5,,,PC-Probook HP,,,True,True
OK,1,25,Š,S-4648,PC,TRUE,,5 980.00,13.06.2017,S,4648,,,,PC-Opteplex,,,True,True
OK,3,32,S,S-4973,PC,TRUE,,15 990.00,20.12.2019,S,4973,,,,PC Acer Veriton ES2735G,,,True,True
OK,2,05,S,S-4970,MONITOR,TRUE,,2 541.00,20.12.2019,S,4970,K222HQL,,,"LCD 22"" Acer KA220HQ",,,True,True
,3,02,S,S-4336,NTB,TRUE,,14 216.00,03.06.2015,S,4336,,,,PC-notebook Fujitsu 15.6,,,True,True
OK,2,05,S,S-4968,PC,TRUE,,15 990.00,20.12.2019,S,4968,Veriton,,,PC Acer Veriton ES2735G,,,True,True
,3,02,S,5083,REPRO,,,,,,,,,,,,,True,
,3,03,S,S-4969,MONITOR,TRUE,,2 541.00,20.12.2019,S,4969,KA220HQ,,,"LCD 22"" Acer KA220HQ",,,True,True
,3,03,S,S-4844,PC,TRUE,,16 333.00,29.03.2019,S,4844,VERITON,,,PC-Acer Veriton S2710G,,,True,True
,3,03,S,S-3676,PROJEKTOR,TRUE,,26 250.00,16.11.2011,S,3676,EB-W10,,,projektor-Epson EB,,,True,True
OK,1,25,S,S-2811,MONITOR,TRUE,,5 790.00,30.11.2007,S,2811,4/3,,,"monitor 19"" TFT ACER AL1917FSD",,,True,True
,3,04,S,S-5114,NOTEBO,TRUE,,30 343.17,23.10.2020,S,5114,SWIFT 3,,,HP ProBook 435 G7,,,True,True
,P,21,S,S-4775,PC,TRUE,,7 690.00,13.09.2018,S,4775,,,,PC sestava elite desk 800,,,True,True
,3,05,S,5186,KAMERA,,,,,,,,,,POWERTON,,,True,
OK,3,29,S,3069,MONITOR,,,,,,,,,,ASUS,,,True,
,3,05,S,4624,PC,,,,,,,,,,HP 280 G2 SFF,,,True,
,3,05,S,3529,PROJEKTOR,,,,,,,CERNY,,,ACER,,,True,
,3,05,S,4600,REPRO,,,,,,,,,,GENIUS sp hf-1800A,,,True,
,3,06,S,S-4582,MONITOR,TRUE,,2 510.00,31.08.2016,S,4582,E2270SWDN,,,monitor AOC MT LCD,,,True,True
OK,3,06,UP,UP-4781,PC,TRUE,,7 690.00,13.09.2018,UP,4781,,,,PC sestava elite desk 800,,UP,True,True
,3,06,S,S-4352,PROJEKTOR,TRUE,,14 520.00,21.07.2015,S,4352,M311X,,,projektor,,,True,True
,3,07,S,S-5112,CHROMEBO,TRUE,,30 343.17,23.10.2020,S,5112,,,,HP ProBook 435 G7,,,True,True
OK,3,07,S,S-4254,MONITOR,TRUE,,3 750.00,29.08.2014,S,4254,,,,"monitor LED 22"" PHILIPS",,?,True,True
,3,07,S,S-4858,NTB,TRUE,,20 900.00,29.03.2019,S,4858,EX2540-39CZ,,,PC-notebook Acer Extensa 15,,,True,True
OK,3,07,S,S-4855,PC,TRUE,,15 200.00,29.03.2019,S,4855,Veriton,,,PC-Acer Veriton E2710G,,,True,True
OK,3,07,S,S-3677,REPRO,TRUE,,3 150.00,10.11.2011,S,3677,,,,bedničky repro RS-215R,,,True,True
,3,20,S,S-4482,MONITOR,TRUE,,3 850.00,27.11.2015,S,4482,,,,"monitor LED ASUS 21,5""",,,True,True
OK,2,21,S,S-4484,PC,TRUE,,10 560.00,27.11.2015,S,4484,,,,PC Lenovo Edge,,,True,True
,3,20,S,S-3128,REPRO,TRUE,,497.50,19.12.2008,S,3128,,,,repro bedničky 2.0,,,True,True
,3,20,S,5036,TISKARNA,,,,,,,WF/6590,,,EPSON,,,True,
,3,21,S,S-4787,NOTEBO,TRUE,,13 990.00,27.09.2018,S,4787,N16C1,,,PC-notebook Acer Extensa,,,True,True
,3,21,S,5105,TISKARNA,,,,,,,,,,SHARP MX-M266Nv,,,True,
,3,22,UP,4580,MONITOR,,,,,,,E2270SWDN,,,AOC,,,True,
,3,25,UP,4730/2,PC,,,,,,,,,,HP COMPAQ 8200 ELITE,,,True,
,3,22,UP,UP-4777,PROJEKTOR,TRUE,,21 412.00,30.08.2018,UP,4777,,,,plátno Rollo Standart,,,True,True
OK,3,22,S,S-4814,REPRO,TRUE,,1 499.00,26.11.2018,S,4814,,,,repro bedničky Genius SP-HF dřevěné,,,True,True
,3,23,S,4675,DRZAK,,,,,,,,,,CONSOLE K PROJEKTORU,,,True,
,3,23,UP,2877,MONITOR,,,,,,,,,,BENQ,,,True,
,3,23,UP,UP-4627,PC,TRUE,,5 980.00,13.06.2017,UP,4627,Dell,,,PC-Dell Opteplex,,,True,True
,3,23,S,S-4674,PROJEKTOR,TRUE,,11 488.00,14.07.2017,S,4674,,,,projektor Acer X125H,,,True,True
,3,23,S,S-4695,REPRO,TRUE,,1 680.00,16.10.2017,S,4695,,,,repro bedničky dřevěné,,,True,True
OK,3,26,S,S-4578,MONITOR,TRUE,,2 510.00,31.08.2016,S,4578,E2270SWDN,,,monitor AOC MT LCD,,,True,True
,3,25,S/UP,3378/2,MONITOR,,,,,,,,,,SAMSUNG 923NW,,,True,
OK,1,25,S,S-4335,PC,TRUE,,11 499.00,25.06.2015,S,4335,,,,PC-LYNX Easy,,,True,True
,3,26,S,S-4649,MONITOR,TRUE,,3 023.00,29.05.2017,S,4649,,,,monitor Philips,,,True,True
,3,26,S,S-4647,PC,TRUE,,11 898.00,29.05.2017,S,4647,,,,PC-Intel HD (Win10ProCZ),,,True,True
OK,3,27,S,S-3903,MONITOR,TRUE,,2 376.00,31.08.2012,S,3903,L-20T-3,,,"monitor LED 20""",,,True,True
,3,29,S,3736,NTB,,,,,,,BIC50,,,ACER,,,True,
OK,1,25,S,S-4483,PC,TRUE,,10 560.00,27.11.2015,S,4483,,,,PC Lenovo Edge,,,True,True
,3,29,S,S-2881,MONITOR,TRUE,,5 000.00,21.12.2007,S,2881,,,,"monitor 19"" LCD BENQ FP 95G",,,True,True
OK,3,31,S,S-4886,MONITOR,TRUE,,4 608.00,31.10.2019,S,4886,,,,"Monitor ACER 21.5""",,,True,True
OK,1,22,S,S-4898,PC,TRUE,,15 555.00,31.10.2019,S,4898,,,,PC HP EliteDesk 800G2,,,True,True
,3,31,S,S-4811,REPRO,TRUE,,1 499.00,26.11.2018,S,4811,,,,repro bedničky Genius SP-HF dřevěné,,,True,True
OK,3,32,S,S-4887,MONITOR,TRUE,,4 608.00,31.10.2019,S,4887,,,,"Monitor ACER 21.5""",,,True,True
OK,3,32,S,S-4815,REPRO,TRUE,,1 499.00,26.11.2018,S,4815,,,,repro bedničky Genius SP-HF dřevěné,,,True,True
OK,3,33,S,S-4888,MONITOR,TRUE,,4 608.00,31.10.2019,S,4888,,,,"Monitor ACER 21.5""",,,True,True
OK,2,06,S,S-4882,PC,TRUE,,15 554.00,31.10.2019,S,4882,,,,PC HP EliteDesk 800G2,,,True,True
OK,3,33,S,S-4601,REPRO,TRUE,,1 650.00,09.09.2016,S,4601,,,,bedničky repro Genius SP-HF,,?,True,True
,3,33,S,5199,SLUCHATKA,,,,,,,,,,COBRA H,,,True,
,P,19,S,4032,TISKARNA,,,,,,,,,,Epson,,CIAH,True,
OK,1,25,UP,UP-5747,PC,TRUE,,46 012.66,08.12.2021,UP,5747,GTX786,,,Desktop žákovský,,,True,True
,P,2,S,S-4577,TV,TRUE,,16 643.00,31.08.2016,S,4577,,,,monitor Samsung LFD,,,True,True
,P,26,S,3126,PC,,,,,,,,,,PC Lynx MS,,,True,
,P,19,S,S-5034,NTB,TRUE,,16 290.00,14.04.2020,S,5034,,,,Notebook Acer TM P215-51-31wp,,,True,True
,P,21,S,S-4575,TV,TRUE,,16 643.00,31.08.2016,S,4575,,,,monitor Samsung LFD,,,True,True
,P,26,S,5067,TISKARNA,,,,,,,M1120,,,Epson,,,True,
,P,02,S,3252/2,MONITOR,,,,,,,,,,Asus,,,True,
,P,02,S,4629,PC,,,,,,,DELL,,,DELL Optiplex 790,,,True,
,P,03,S,S-2880,MONITOR,TRUE,,5 000.00,21.12.2007,S,2880,,,,"monitor 19"" LCD BENQ FP 95G",,,True,True
,P,03,S,MESTO,NTB,,,,,,,,,,Lenovo,,,True,
,P,03,S,4628/1,pc,,,,,,,,,,HP 280G2 (Dell Optiplex ?),,,True,
,P,19,S,S-3928,MONITOR,TRUE,,0.00,30.11.2012,S,3928,,,,monitor,,jidelna,True,True
,P,19,S,S-223,REPRO,TRUE,,0.00,28.12.2004,S,223,,,,bedničky repro,,,True,True
,P,21,UP,3363,MONITOR,,,,,,,,,,"monitor Samsung 19""",,,True,
,P,26,S,S-4776,PC,TRUE,,7 690.00,13.09.2018,S,4776,,,,PC sestava elite desk 800,,,True,True
,P,21,S,4002,repro,,,,,,,,,,Genius,,,True,
,P,26,S,S-3634,MONITOR,TRUE,,9 000.00,24.11.2011,S,3634,,,,monitor LCD Acer H274HL,,,True,True
,2,23,S,S-4596,PC,TRUE,,528.00,31.08.2016,S,4596,,,,TP-Link TL-WN722,,,True,True
,P,27,S,3792/2,MONITOR,,,,,,,,,,Asus,,,True,
,P,27,UP,UP-4763,PC,TRUE,,7 390.00,27.08.2018,UP,4763,,,,PC sestava elite desk 800,,,True,True
OK,1,23,S,S-4408,MONITOR,TRUE,,2 990.00,22.09.2015,S,4408,KA210HQ,,,monitor KA210HQbd,,,True,True
,TV,17,S,4765,PC,,,,,,,,,,HP Elite Desk 800 G1 SFF,,,True,
,TV,17,S,4075,TISKARNA,,,,,,,,,,tiskárna Samsung SL-M2070FW,,,True,
,U,,UP,UP-5919,NTB,TRUE,,22 736.00,01.07.2022,UP,5919,,,,Notebook Acer TravelMate Vero,,,True,True
,U,,UP,UP-5920,NTB,TRUE,,22 736.00,01.07.2022,UP,5920,,,,Notebook Acer TravelMate Vero,,,True,True
,Z,,S,5211,SLUCHATKA,,,,,,,,,,,,,True,
OK,1,27,S,S-6069,NTB,TRUE,,15 990.00,29.12.2023,S,6069,,,,Notebook Acer Swift 3,,,True,True
,1,27,UP,UP-6326,NTB,TRUE,,21 605.76,14.06.2024,UP,6326,455 G10,,,HP ProBook 455 G10: 9X1U0ES,,,True,True
,1,27,UP,UP-6327,NTB,TRUE,,21 605.76,14.06.2024,UP,6327,455 G10,,,HP ProBook 455 G10: 9X1U0ES,,,True,True
,1,27,UP,UP-6328,NTB,TRUE,,21 605.76,14.06.2024,UP,6328,455 G10,,,HP ProBook 455 G10: 9X1U0ES,,,True,True
,1,27,UP,UP-6329,NTB,TRUE,,21 605.76,14.06.2024,UP,6329,455 G10,,,HP ProBook 455 G10: 9X1U0ES,,,True,True
,1,27,UP,UP-6330,NTB,TRUE,,21 605.76,14.06.2024,UP,6330,455 G10,,,HP ProBook 455 G10: 9X1U0ES,,,True,True
OK,1,23,UP,UP-6331,NTB,TRUE,,21 605.76,14.06.2024,UP,6331,455 G10,,,HP ProBook 455 G10: 9X1U0ES,,,True,True
,1,27,UP,UP-6332,NTB,TRUE,,21 605.76,14.06.2024,UP,6332,455 G10,,,HP ProBook 455 G10: 9X1U0ES,,,True,True
,1,27,UP,UP-6333,NTB,TRUE,,21 605.76,14.06.2024,UP,6333,455 G10,,,HP ProBook 455 G10: 9X1U0ES,,,True,True
,1,27,UP,UP-6334,NTB,TRUE,,21 605.76,14.06.2024,UP,6334,455 G10,,,HP ProBook 455 G10: 9X1U0ES,,,True,True
,1,27,UP,UP-6335,NTB,TRUE,,21 605.76,14.06.2024,UP,6335,455 G10,,,HP ProBook 455 G10: 9X1U0ES,,,True,True
RWS,1,27,UP,UP-6336,NTB,TRUE,,21 605.76,14.06.2024,UP,6336,455 G10,,,HP ProBook 455 G10: 9X1UQES,,,True,True
,,,S,S-5959,Repro,TRUE,,2 150.00,22.05.2023,S,5959,,,,Repro bedny Genius dřevěné 50W,,,True,True
,,,S,S-5115,NTB,TRUE,,30 343.17,23.10.2020,S,5115,X360 435 G7,,,HP ProBook 435 G7,,,True,True
,,,UP,UP-5963,tablet,TRUE,,10 273.00,25.10.2022,UP,5963,,,,Tablet Apple iPad,A,,True,True
,,,,S-5483,,TRUE,,84 745.50,08.12.2021,S,5483,,,,Antivirový systém,,,,True
,,,,S-5468,,TRUE,,29 070.86,08.12.2021,S,5468,,,,APC UPS pro servery 1,,,,True
,,,,S-5469,,TRUE,,29 070.86,08.12.2021,S,5469,,,,APC UPS pro servery 2,,,,True
,,,,S-5867,,TRUE,,11 979.00,01.11.2022,S,5867,,,,Apple iPad 2019-Space Gray,,,,True
,,,,S-5868,,TRUE,,11 979.00,01.11.2022,S,5868,,,,Apple iPad 2019-Space Gray,,,,True
,,,,S-5869,,TRUE,,11 979.00,01.11.2022,S,5869,,,,Apple iPad 2019-Space Gray,,,,True
,,,,S-5870,,TRUE,,11 979.00,01.11.2022,S,5870,,,,Apple iPad 2019-Space Gray,,,,True
,,,,S-5871,,TRUE,,11 979.00,01.11.2022,S,5871,,,,Apple iPad 2019-Space Gray,,,,True
,,,,S-5872,,TRUE,,11 979.00,01.11.2022,S,5872,,,,Apple iPad 2019-Space Gray,,,,True
,,,,S-5873,,TRUE,,11 979.00,01.11.2022,S,5873,,,,Apple iPad 2019-Space Gray,,,,True
,,,,S-5874,,TRUE,,11 979.00,01.11.2022,S,5874,,,,Apple iPad 2019-Space Gray,,,,True
,,,,S-5875,,TRUE,,11 979.00,01.11.2022,S,5875,,,,Apple iPad 2019-Space Gray,,,,True
,,,,S-5876,,TRUE,,11 979.00,01.11.2022,S,5876,,,,Apple iPad 2019-Space Gray,,,,True
,,,,S-5877,,TRUE,,11 979.00,01.11.2022,S,5877,,,,Apple iPad 2019-Space Gray,,,,True
,,,,S-5878,,TRUE,,11 979.00,01.11.2022,S,5878,,,,Apple iPad 2019-Space Gray,,,,True
,,,,S-5879,,TRUE,,11 979.00,01.11.2022,S,5879,,,,Apple iPad 2019-Space Gray,,,,True
,,,,S-5880,,TRUE,,11 979.00,01.11.2022,S,5880,,,,Apple iPad 2019-Space Gray,,,,True
,,,,S-5881,,TRUE,,11 979.00,01.11.2022,S,5881,,,,Apple iPad 2019-Space Gray,,,,True
,,,,S-5882,,TRUE,,11 979.00,01.11.2022,S,5882,,,,Apple iPad 2019-Space Gray,,,,True
,,,,S-5883,,TRUE,,11 979.00,01.11.2022,S,5883,,,,Apple iPad 2019-Space Gray,,,,True
,,,,S-5884,,TRUE,,11 979.00,01.11.2022,S,5884,,,,Apple iPad 2019-Space Gray,,,,True
,,,,S-5885,,TRUE,,11 979.00,01.11.2022,S,5885,,,,Apple iPad 2019-Space Gray,,,,True
,,,,S-5886,,TRUE,,11 979.00,01.11.2022,S,5886,,,,Apple iPad 2019-Space Gray,,,,True
,,,,S-5887,,TRUE,,11 979.00,01.11.2022,S,5887,,,,Apple iPad 2019-Space Gray,,,,True
,,,,S-5888,,TRUE,,11 979.00,01.11.2022,S,5888,,,,Apple iPad 2019-Space Gray,,,,True
,,,,S-5889,,TRUE,,11 979.00,01.11.2022,S,5889,,,,Apple iPad 2019-Space Gray,,,,True
,,,,S-5890,,TRUE,,11 979.00,01.11.2022,S,5890,,,,Apple iPad 2019-Space Gray,,,,True
,,,,UP-6118,,TRUE,,11 990.00,04.09.2023,UP,6118,,,,Apple iPad/MK2K3FD/A,,,,True
,,,,UP-6119,,TRUE,,11 990.00,04.09.2023,UP,6119,,,,Apple iPad/MK2K3FD/A,,,,True
,,,,UP-6120,,TRUE,,11 990.00,04.09.2023,UP,6120,,,,Apple iPad/MK2K3FD/A,,,,True
,,,,UP-6121,,TRUE,,11 990.00,04.09.2023,UP,6121,,,,Apple iPad/MK2K3FD/A,,,,True
,,,,UP-6158,,TRUE,,14 734.00,20.11.2023,UP,6158,,,,"Apple iPadOS16/Silve - 10,9""",,,,True
,,,,S-5891,,TRUE,,5 847.00,01.11.2022,S,5891,,,,Apple TV 32GB-MR912CS/A,,,,True
,,,,S-2196,,TRUE,,190.00,18.02.2004,S,2196,,,,bedničky repro A4 tech (souprava),,,,True
,,,,S-3997,,TRUE,,750.00,19.12.2012,S,3997,,,,bedničky Repro Genius,,,,True
,,,,S-4176,,TRUE,,270.00,10.04.2014,S,4176,,,,bedničky repro Genius,,,,True
,,,,S-3687,,TRUE,,1 050.00,24.11.2011,S,3687,,,,bedničky repro Redstar,,,,True
,,,,S-4001,,TRUE,,750.00,19.12.2012,S,4001,,,,bedničky-Repro Genius,,,,True
,,,,S-4818,,TRUE,,747.00,17.12.2018,S,4818,,,,brašna k notebooku,,,,True
,,,,S-3463,,TRUE,,1 690.00,15.12.2010,S,3463,,,,brašna na notebook,,,,True
,,,,UP-6764,,TRUE,,19 948.06,12.05.2025,UP,6764,,,,Brýle pro virtuální realitu,,,,True
,,,,UP-6765,,TRUE,,19 948.06,12.05.2025,UP,6765,,,,Brýle pro virtuální realitu,,,,True
,,,,UP-6766,,TRUE,,19 948.06,12.05.2025,UP,6766,,,,Brýle pro virtuální realitu,,,,True
,,,,UP-6767,,TRUE,,19 948.06,12.05.2025,UP,6767,,,,Brýle pro virtuální realitu,,,,True
,,,,UP-6768,,TRUE,,19 948.06,12.05.2025,UP,6768,,,,Brýle pro virtuální realitu,,,,True
,,,,UP-6769,,TRUE,,19 948.06,12.05.2025,UP,6769,,,,Brýle pro virtuální realitu,,,,True
,,,,UP-6770,,TRUE,,19 948.06,12.05.2025,UP,6770,,,,Brýle pro virtuální realitu,,,,True
,,,,UP-6771,,TRUE,,19 948.06,12.05.2025,UP,6771,,,,Brýle pro virtuální realitu,,,,True
,,,,UP-6772,,TRUE,,19 948.06,12.05.2025,UP,6772,,,,Brýle pro virtuální realitu,,,,True
,,,,UP-6773,,TRUE,,19 948.06,12.05.2025,UP,6773,,,,Brýle pro virtuální realitu,,,,True
,,,,UP-6774,,TRUE,,19 948.06,12.05.2025,UP,6774,,,,Brýle pro virtuální realitu,,,,True
,,,,UP-6775,,TRUE,,19 948.06,12.05.2025,UP,6775,,,,Brýle pro virtuální realitu,,,,True
,,,,UP-6776,,TRUE,,19 948.06,12.05.2025,UP,6776,,,,Brýle pro virtuální realitu,,,,True
,,,,UP-6777,,TRUE,,19 948.06,12.05.2025,UP,6777,,,,Brýle pro virtuální realitu,,,,True
,,,,UP-6778,,TRUE,,19 948.06,12.05.2025,UP,6778,,,,Brýle pro virtuální realitu,,,,True
,,,,UP-6779,,TRUE,,19 948.06,12.05.2025,UP,6779,,,,Brýle pro virtuální realitu,,,,True
,,,,UP-6780,,TRUE,,19 948.06,12.05.2025,UP,6780,,,,Brýle pro virtuální realitu,,,,True
,,,,UP-6781,,TRUE,,19 948.06,12.05.2025,UP,6781,,,,Brýle pro virtuální realitu,,,,True
,,,,UP-6782,,TRUE,,19 948.06,12.05.2025,UP,6782,,,,Brýle pro virtuální realitu,,,,True
,,,,UP-6783,,TRUE,,19 948.06,12.05.2025,UP,6783,,,,Brýle pro virtuální realitu,,,,True
,,,,UP-6784,,TRUE,,19 948.06,12.05.2025,UP,6784,,,,Brýle pro virtuální realitu,,,,True
,,,,UP-6785,,TRUE,,19 948.06,12.05.2025,UP,6785,,,,Brýle pro virtuální realitu,,,,True
,,,,UP-6786,,TRUE,,19 948.06,12.05.2025,UP,6786,,,,Brýle pro virtuální realitu,,,,True
,,,,UP-6787,,TRUE,,19 948.06,12.05.2025,UP,6787,,,,Brýle pro virtuální realitu,,,,True
,,,,UP-6788,,TRUE,,19 948.06,12.05.2025,UP,6788,,,,Brýle pro virtuální realitu,,,,True
,,,,UP-6641,,TRUE,,34 303.50,03.02.2025,UP,6641,,,,Dataprojektor - Chemie,,,,True
,,,,UP-6736,,TRUE,,21 049.20,11.03.2025,UP,6736,,,,Dataprojektor Acer X1529HK,,,,True
,,,,UP-6640,,TRUE,,43 299.85,03.02.2025,UP,6640,,,,Dataprojektor EPSON EB-L520U,,,,True
,,,,S-5443,,TRUE,,30 271.48,08.12.2021,S,5443,,,,Dataprojektor MMV DLNK,,,,True
,,,,UP-6737,,TRUE,,1 836.01,11.03.2025,UP,6737,,,,Držák dataprojektoru Acer,,,,True
,,,,S-6070,,TRUE,,1 500.00,29.12.2023,S,6070,,,,Držák LCD panelu,,,,True
,,,,UP-6257,,TRUE,,1 616.70,29.12.2023,UP,6257,,,,Držák monitoru Mounting Bracket,,,,True
,,,,UP-6258,,TRUE,,1 616.70,29.12.2023,UP,6258,,,,Držák monitoru Mounting Bracket,,,,True
,,,,UP-6259,,TRUE,,1 618.70,29.12.2023,UP,6259,,,,Držák monitoru Mounting Bracket,,,,True
,,,,UP-4778,,TRUE,,1 210.00,30.08.2018,UP,4778,,,,držák Stell,,,,True
,,,,S-4893,,TRUE,,10 967.00,31.10.2019,S,4893,,,,El. projekční plátno AVELI 265x149,,,,True
,,,,S-4894,,TRUE,,10 967.00,31.10.2019,S,4894,,,,El. projekční plátno AVELI 265x149,,,,True
,,,,S-4895,,TRUE,,10 967.00,31.10.2019,S,4895,,,,El. projekční plátno AVELI 265x149,,,,True
,,,,S-4896,,TRUE,,10 967.00,31.10.2019,S,4896,,,,El. projekční plátno AVELI 265x149,,,,True
,,,,S-3749,,TRUE,,3 690.00,28.12.2011,S,3749,,,,externi hardisk,,,,True
,,,,S-3480,,TRUE,,790.00,08.02.2011,S,3480,,,,flash Drive,,,,True
,,,,UP-5967,,TRUE,,37 090.00,10.11.2022,UP,5967,,,,Fotoaparát PANASONIC Lumix,,,,True
,,,,UP-5972,,TRUE,,17 240.00,12.12.2022,UP,5972,,,,Fotoaparát SONY s paměť. kartou,,,,True
,,,,UP-5973,,TRUE,,17 389.00,12.12.2022,UP,5973,,,,Fotoaparát SONY s paměť. kartou,,,,True
,,,,S-5027,,TRUE,,2 150.00,11.02.2020,S,5027,,,,Hard disk HDD ext. 2TB WD,,,,True
,,,,UP-6530,,TRUE,,4 235.00,31.12.2024,UP,6530,,,,Herní elementy Rapid relay,,,,True
,,,,UP-6529,,TRUE,,11 979.00,31.12.2024,UP,6529,,,,Herní pole-VEX IQ - 6x8 dlaždic,,,,True
,,,,UP-6589,,TRUE,,669.47,13.12.2024,UP,6589,,,,Herní sluchátka s mikrofonem,,,,True
,,,,UP-6590,,TRUE,,669.47,13.12.2024,UP,6590,,,,Herní sluchátka s mikrofonem,,,,True
,,,,UP-6591,,TRUE,,669.47,13.12.2024,UP,6591,,,,Herní sluchátka s mikrofonem,,,,True
,,,,UP-6592,,TRUE,,669.47,13.12.2024,UP,6592,,,,Herní sluchátka s mikrofonem,,,,True
,,,,UP-6593,,TRUE,,669.47,13.12.2024,UP,6593,,,,Herní sluchátka s mikrofonem,,,,True
,,,,UP-6594,,TRUE,,669.47,13.12.2024,UP,6594,,,,Herní sluchátka s mikrofonem,,,,True
,,,,UP-6595,,TRUE,,669.47,13.12.2024,UP,6595,,,,Herní sluchátka s mikrofonem,,,,True
,,,,UP-6596,,TRUE,,669.46,13.12.2024,UP,6596,,,,Herní sluchátka s mikrofonem,,,,True
,,,,UP-6604,,TRUE,,669.47,13.12.2024,UP,6604,,,,Herní sluchátka s mikrofonem,,,,True
,,,,UP-6605,,TRUE,,669.47,13.12.2024,UP,6605,,,,Herní sluchátka s mikrofonem,,,,True
,,,,UP-6606,,TRUE,,669.47,13.12.2024,UP,6606,,,,Herní sluchátka s mikrofonem,,,,True
,,,,UP-6543,,TRUE,,193.80,13.12.2024,UP,6543,,,,HP 150 myš,,,,True
,,,,UP-6544,,TRUE,,193.80,13.12.2024,UP,6544,,,,HP 150 myš,,,,True
,,,,UP-6545,,TRUE,,193.80,13.12.2024,UP,6545,,,,HP 150 myš,,,,True
,,,,UP-6546,,TRUE,,193.80,13.12.2024,UP,6546,,,,HP 150 myš,,,,True
,,,,UP-6547,,TRUE,,193.80,13.12.2024,UP,6547,,,,HP 150 myš,,,,True
,,,,UP-6548,,TRUE,,193.80,13.12.2024,UP,6548,,,,HP 150 myš,,,,True
,,,,UP-6549,,TRUE,,193.80,13.12.2024,UP,6549,,,,HP 150 myš,,,,True
,,,,UP-6550,,TRUE,,193.80,13.12.2024,UP,6550,,,,HP 150 myš,,,,True
,,,,UP-6551,,TRUE,,193.80,13.12.2024,UP,6551,,,,HP 150 myš,,,,True
,,,,UP-6552,,TRUE,,193.80,13.12.2024,UP,6552,,,,HP 150 myš,,,,True
,,,,UP-6553,,TRUE,,193.80,13.12.2024,UP,6553,,,,HP 150 myš,,,,True
,,,,UP-6554,,TRUE,,193.80,13.12.2024,UP,6554,,,,HP 150 myš,,,,True
,,,,UP-6555,,TRUE,,193.80,13.12.2024,UP,6555,,,,HP 150 myš,,,,True
,,,,UP-6556,,TRUE,,193.80,13.12.2024,UP,6556,,,,HP 150 myš,,,,True
,,,,UP-6557,,TRUE,,193.80,13.12.2024,UP,6557,,,,HP 150 myš,,,,True
,,,,UP-6558,,TRUE,,193.80,13.12.2024,UP,6558,,,,HP 150 myš,,,,True
,,,,UP-6559,,TRUE,,193.80,13.12.2024,UP,6559,,,,HP 150 myš,,,,True
,,,,UP-6560,,TRUE,,193.80,13.12.2024,UP,6560,,,,HP 150 myš,,,,True
,,,,UP-6561,,TRUE,,193.80,13.12.2024,UP,6561,,,,HP 150 myš,,,,True
,,,,UP-6562,,TRUE,,193.80,13.12.2024,UP,6562,,,,HP 150 myš,,,,True
,,,,UP-6563,,TRUE,,193.80,13.12.2024,UP,6563,,,,HP 150 myš,,,,True
,,,,UP-6564,,TRUE,,193.80,13.12.2024,UP,6564,,,,HP 150 myš,,,,True
,,,,UP-6565,,TRUE,,193.80,13.12.2024,UP,6565,,,,HP 150 myš,,,,True
,,,,UP-6566,,TRUE,,193.80,13.12.2024,UP,6566,,,,HP 150 myš,,,,True
,,,,UP-6567,,TRUE,,193.80,13.12.2024,UP,6567,,,,HP 150 myš,,,,True
,,,,UP-6568,,TRUE,,193.80,13.12.2024,UP,6568,,,,HP 150 myš,,,,True
,,,,UP-6569,,TRUE,,193.80,13.12.2024,UP,6569,,,,HP 150 myš,,,,True
,,,,UP-6570,,TRUE,,193.80,13.12.2024,UP,6570,,,,HP 150 myš,,,,True
,,,,UP-6571,,TRUE,,193.80,13.12.2024,UP,6571,,,,HP 150 myš,,,,True
,,,,UP-6572,,TRUE,,193.61,13.12.2024,UP,6572,,,,HP 150 myš,,,,True
OK,1,33,,UP-6536,,TRUE,,20 834.84,13.12.2024,UP,6536,,,,HP PC Pro Mini 400G9+Windows 11,,,,True
OK,3,24,,UP-6537,,TRUE,,20 834.84,13.12.2024,UP,6537,,,,HP PC Pro Mini 400G9+Windows 11,,,,True
OK,2,26,,UP-6538,,TRUE,,20 834.85,13.12.2024,UP,6538,,,,HP PC Pro Mini 400G9+Windows 11,,,,True
,,,,UP-6597,,TRUE,,20 834.84,13.12.2024,UP,6597,,,,HP PC Pro Mini 400G9+Windows 11,,,,True
OK,3,27,,UP-6598,,TRUE,,20 834.84,13.12.2024,UP,6598,,,,HP PC Pro Mini 400G9+Windows 11,,,,True
OK,3,22,,UP-6599,,TRUE,,20 834.84,13.12.2024,UP,6599,,,,HP PC Pro Mini 400G9+Windows 11,,,,True
OK,2,33,,UP-6600,,TRUE,,20 834.86,13.12.2024,UP,6600,,,,HP PC Pro Mini 400G9+Windows 11,,,,True
OK,1,27,,S-5116,,TRUE,,30 343.17,23.10.2020,S,5116,,,,HP ProBook 435 G7,,,,True
,,,,S-5314,,TRUE,,15 990.00,22.12.2020,S,5314,,,,Chromebook Acer,,,,True
,,,,S-5316,,TRUE,,15 990.00,22.12.2020,S,5316,,,,Chromebook Acer,,,,True
,,,,S-5318,,TRUE,,15 990.00,22.12.2020,S,5318,,,,Chromebook Acer,,,,True
,,,,S-5319,,TRUE,,15 990.00,22.12.2020,S,5319,,,,Chromebook Acer,,,,True
,,,,S-5321,,TRUE,,15 990.00,22.12.2020,S,5321,,,,Chromebook Acer,,,,True
,,,,S-5311,,TRUE,,15 990.00,22.12.2020,S,5311,,,,Chromebook Acer 1,,,,True
,,,,S-5313,,TRUE,,15 990.00,22.12.2020,S,5313,,,,Chromebook Acer 1,,,,True
,,,,S-3173,,TRUE,,101 626.00,25.02.2009,S,3173,,,,interaktivní tabule,,,,True
,,,,UP-3123,,TRUE,,77 567.00,09.06.2008,UP,3123,,,,interaktivní tabule Smart,,,,True
,,,,UP-3101,,TRUE,,84 466.00,14.05.2008,UP,3101,,,,interaktivní tabule Smart,,,,True
,,,,UP-1742,,TRUE,,82 562.00,21.12.2006,UP,1742,,,,Interaktivní tabule Smart,,,,True
,,,,UP-3564,,TRUE,,33 368.00,31.12.2010,UP,3564,,,,interaktivní tabule SMART Board 685,,,,True
OK,1,27,,UP-6163,,TRUE,,31 990.00,12.12.2023,UP,6163,,,,"ipad Pro 11""+Cellular 128GB",,,,True
,,,,S-6003,,TRUE,,9 348.55,06.09.2023,S,6003,,,,Kamera,,,,True
,,,,UP-6573,,TRUE,,264.99,13.12.2024,UP,6573,,,,Klávesnice Genius,,,,True
,,,,UP-6574,,TRUE,,264.99,13.12.2024,UP,6574,,,,Klávesnice Genius,,,,True
,,,,UP-6575,,TRUE,,264.99,13.12.2024,UP,6575,,,,Klávesnice Genius,,,,True
,,,,UP-6576,,TRUE,,264.99,13.12.2024,UP,6576,,,,Klávesnice Genius,,,,True
,,,,UP-6577,,TRUE,,264.99,13.12.2024,UP,6577,,,,Klávesnice Genius,,,,True
,,,,UP-6578,,TRUE,,264.99,13.12.2024,UP,6578,,,,Klávesnice Genius,,,,True
,,,,UP-6579,,TRUE,,264.99,13.12.2024,UP,6579,,,,Klávesnice Genius,,,,True
,,,,UP-6580,,TRUE,,264.99,13.12.2024,UP,6580,,,,Klávesnice Genius,,,,True
,,,,UP-6581,,TRUE,,264.99,13.12.2024,UP,6581,,,,Klávesnice Genius,,,,True
,,,,UP-6582,,TRUE,,264.99,13.12.2024,UP,6582,,,,Klávesnice Genius,,,,True
,,,,UP-6583,,TRUE,,264.99,13.12.2024,UP,6583,,,,Klávesnice Genius,,,,True
,,,,UP-6584,,TRUE,,264.99,13.12.2024,UP,6584,,,,Klávesnice Genius,,,,True
,,,,UP-6585,,TRUE,,264.99,13.12.2024,UP,6585,,,,Klávesnice Genius,,,,True
,,,,UP-6586,,TRUE,,264.99,13.12.2024,UP,6586,,,,Klávesnice Genius,,,,True
,,,,UP-6587,,TRUE,,264.99,13.12.2024,UP,6587,,,,Klávesnice Genius,,,,True
,,,,UP-6588,,TRUE,,264.99,13.12.2024,UP,6588,,,,Klávesnice Genius,,,,True
,,,,S-5476,,TRUE,,14 090.34,08.12.2021,S,5476,,,,Micos-správce IT pro centr.správu,,,,True
,,,,S-5564,,TRUE,,2 153.80,22.12.2021,S,5564,,,,Microsoft Windows Pro VL Upgrade,,,,True
,,,,S-5567,,TRUE,,2 153.80,30.12.2021,S,5567,,,,Microsoft Windows Pro VL Upgrade,,,,True
,,,,UP-5207,,TRUE,,5 100.00,23.12.2019,UP,5207,,,,Mini PC Raspberry Pi4B/4GB,,,,True
,,,,UP-5208,,TRUE,,5 100.00,23.12.2019,UP,5208,,,,Mini PC Raspberry Pi4B/4GB,,,,True
,,,,S-6059,,TRUE,,4 265.50,20.10.2022,S,6059,,,,"MIUč+Zeměpis 6, 1. díl",,,,True
,,,,S-6060,,TRUE,,4 265.50,20.10.2022,S,6060,,,,"MIUč+Zeměpis 6, 2. díl",,,,True
,,,,UP-6061,,TRUE,,4 265.50,20.10.2022,UP,6061,,,,"MIUč+Zeměpis 7, 1. díl",,,,True
,,,,UP-6062,,TRUE,,4 265.50,20.10.2022,UP,6062,,,,"MIUč+Zeměpis 7, 2. díl",,,,True
,,,,UP-6122,,TRUE,,5 990.00,18.05.2023,UP,6122,,,,Mobilní telefon Samsung Galaxy,,,,True
,,,,UP-6123,,TRUE,,5 990.00,18.05.2023,UP,6123,,,,Mobilní telefon Samsung Galaxy,,,,True
,,,,UP-6124,,TRUE,,5 990.00,18.05.2023,UP,6124,,,,Mobilní telefon Samsung Galaxy,,,,True
,,,,UP-6125,,TRUE,,5 990.00,18.05.2023,UP,6125,,,,Mobilní telefon Samsung Galaxy,,,,True
,,,,UP-6126,,TRUE,,5 990.00,18.05.2023,UP,6126,,,,Mobilní telefon Samsung Galaxy,,,,True
,,,,UP-6127,,TRUE,,5 990.00,18.05.2023,UP,6127,,,,Mobilní telefon Samsung Galaxy,,,,True
,,,,UP-6128,,TRUE,,5 990.00,18.05.2023,UP,6128,,,,Mobilní telefon Samsung Galaxy,,,,True
,,,,UP-6129,,TRUE,,5 990.00,18.05.2023,UP,6129,,,,Mobilní telefon Samsung Galaxy,,,,True
,,,,UP-6130,,TRUE,,1 790.00,11.06.2024,UP,6130,,,,Přenosný reproduktor Niceboy,,,,True
,,,,UP-6131,,TRUE,,5 990.00,18.05.2023,UP,6131,,,,Mobilní telefon Samsung Galaxy,,,,True
,,,,UP-3070,,TRUE,,0.00,28.12.2007,UP,3070,,,,monitor,,,,True
OK,2,33,,UP-3461,,TRUE,,0.00,24.02.2010,UP,3461,,,,monitor,,,,True
,,,,UP-3252,,TRUE,,0.00,29.12.2008,UP,3252,,,,monitor,,,,True
OK,1,25,,UP-3255,,TRUE,,0.00,29.12.2008,UP,3255,,,,monitor,,,,True
,,,,S-5902,,TRUE,,4 260.41,30.12.2022,S,5902,,,,"Monitor HP LCD P24h G5 23,8""",,,,True
OK,3,05,,UP-4767,,TRUE,,2 090.00,27.08.2018,UP,4767,,,,monitor LCD ZR22,,,,True
,,,,UP-4769,,TRUE,,2 090.00,27.08.2018,UP,4769,,,,monitor LCD ZR22,,,,True
OK,3,24,,S-2877,,TRUE,,5 000.00,21.12.2007,S,2877,,,,"monitor 19"" LCD BENQ FP 95G",,,,True
,,,,S-6589,,TRUE,,3 690.00,02.09.2025,S,6589,,,,Monitor Acer LCD Nitro,,,,True
,,,,UP-6248,,TRUE,,2 790.00,29.12.2023,UP,6248,,,,Monitor Acer VG240y,,,,True
OK,3,22,,S-4580,,TRUE,,2 510.00,31.08.2016,S,4580,,,,monitor AOC MT LCD,,,,True
,,,,S-3792,,TRUE,,0.00,29.12.2011,S,3792,,,,monitor Asus VW193,,,,True
,,,,UP-6255,,TRUE,,4 210.80,29.12.2023,UP,6255,,,,"Monitor HP E24 G4 23,8""",,,,True
,,,,UP-6256,,TRUE,,4 210.80,29.12.2023,UP,6256,,,,"Monitor HP E24 G4 23.8""",,,,True
OK,1,23,,UP-6253,,TRUE,,5 795.90,29.12.2023,UP,6253,,,,"Monitor HP E27q G4 27""",,,,True
,,,,UP-6254,,TRUE,,5 795.90,29.12.2023,UP,6254,,,,"Monitor HP E27q G4 27""",,,,True
,,,,S-3542,,TRUE,,25 490.00,29.07.2011,S,3542,,,,PC Lynx,,,,True
,,,,UP-3069,,TRUE,,0.00,28.12.2007,UP,3069,,,,"monitor LCD 19""",,,,True
OK,1,25,,S-3754,,TRUE,,2 450.00,28.12.2011,S,3754,,,,"monitor LCD Acer 18,5""",,,,True
,,,,S-6071,,TRUE,,3 790.00,29.12.2023,S,6071,,,,"Monitor LCD AOC 24"" 2K",,,,True
OK,3,20,,S-5993,,TRUE,,1 890.00,28.07.2023,S,5993,,,,Monitor LCD E243,,,,True
,,,,S-5581,,TRUE,,9 922.00,02.03.2022,S,5581,,,,Monitor pro kamerový systém,,,,True
,,,,UP-6601,,TRUE,,3 702.40,13.12.2024,UP,6601,,,,Monitor Samsung,,,,True
,,,,UP-6602,,TRUE,,3 702.40,13.12.2024,UP,6602,,,,Monitor Samsung,,,,True
,,,,UP-6603,,TRUE,,3 702.42,13.12.2024,UP,6603,,,,Monitor Samsung,,,,True
OK,3,25,,UP-3378,,TRUE,,0.00,30.12.2009,UP,3378,,,,"monitor Samsung 19""",,,,True
OK,1,25,,UP-3361,,TRUE,,0.00,17.12.2009,UP,3361,,,,"monitor Samsung 19""",,,,True
OK,1,25,,UP-3367,,TRUE,,0.00,17.12.2009,UP,3367,,,,"monitor Samsung 19""",,,,True
OK,1,25,,UP-3368,,TRUE,,0.00,17.12.2009,UP,3368,,,,"monitor Samsung 19""",,,,True
OK,1,25,,UP-3371,,TRUE,,0.00,17.12.2009,UP,3371,,,,"monitor Samsung 19""",,,,True
OK,1,25,,UP-3377,,TRUE,,0.00,30.12.2009,UP,3377,,,,"monitor Samsung 19""",,,,True
,,,,UP-6539,,TRUE,,3 702.40,13.12.2024,UP,6539,,,,Monitor Samsung MT LED,,,,True
OK,1,23,,UP-6540,,TRUE,,3 702.41,13.12.2024,UP,6540,,,,Monitor Samsung MT LED,,,,True
,,,,UP-6541,,TRUE,,3 702.41,13.12.2024,UP,6541,,,,Monitor Samsung MT LED,,,,True
OK,3,05,,UP-6542,,TRUE,,3 702.41,13.12.2024,UP,6542,,,,Monitor Samsung MT LED,,,,True
,,,,S-6493,,TRUE,,390.00,23.12.2024,S,6493,,,,Myš vertikální Genius bezdrátová,,,,True
,,,,S-6494,,TRUE,,5 990.00,23.12.2024,S,6494,,,,Nabíjecí HUB/USB - 20 x,,,,True
,,,,UP-6394,,TRUE,,3 090.00,05.12.2024,UP,6394,,,,Nabíjecí stanice Belkin 10x USB,,,,True
,,,,S-5471,,TRUE,,31 041.96,08.12.2021,S,5471,,,,NAS uložiště,,,,True
,,,,S-6581,,TRUE,,6 037.90,17.07.2025,S,6581,,,,NAS-pevný disk - 12G Enterprise,,,,True
,,,,UP-5749,,TRUE,,24 926.00,08.12.2021,UP,5749,,,,Notebook,,,,True
,,,,UP-5750,,TRUE,,24 926.00,08.12.2021,UP,5750,,,,Notebook 1,,,,True
,,,,UP-5751,,TRUE,,24 926.00,08.12.2021,UP,5751,,,,Notebook 2,,,,True
,,,,UP-5752,,TRUE,,24 926.00,08.12.2021,UP,5752,,,,Notebook 3,,,,True
,,,,UP-5753,,TRUE,,24 926.00,08.12.2021,UP,5753,,,,Notebook 4,,,,True
,,,,UP-5754,,TRUE,,24 926.00,08.12.2021,UP,5754,,,,Notebook 5,,,,True
,,,,UP-5916,,TRUE,,22 736.00,01.07.2022,UP,5916,,,,Notebook Acer TravelMate Vero,,,,True
,,,,UP-5917,,TRUE,,22 736.00,01.07.2022,UP,5917,,,,Notebook Acer TravelMate Vero PO,,,,True
,,,,UP-5918,,TRUE,,22 736.00,01.07.2022,UP,5918,,,,Notebook Acer TravelMate Vero,,,,True
,,,,UP-6615,,TRUE,,48 205.19,03.02.2025,UP,6615,,,,Notebook HP OMEN 16 Core,,,,True
,,,,UP-6616,,TRUE,,48 205.19,03.02.2025,UP,6616,,,,Notebook HP OMEN 16 Core,,,,True
,,,,UP-6617,,TRUE,,48 205.19,03.02.2025,UP,6617,,,,Notebook HP OMEN 16 Core,,,,True
,,,,UP-6618,,TRUE,,48 205.19,03.02.2025,UP,6618,,,,Notebook HP OMEN 16 Core,,,,True
,,,,UP-6619,,TRUE,,48 205.19,03.02.2025,UP,6619,,,,Notebook HP OMEN 16 Core,,,,True
,,,,UP-6620,,TRUE,,48 205.19,03.02.2025,UP,6620,,,,Notebook HP OMEN 16 Core,,,,True
,,,,UP-6621,,TRUE,,48 205.19,03.02.2025,UP,6621,,,,Notebook HP OMEN 16 Core,,,,True
,,,,UP-6622,,TRUE,,48 205.19,03.02.2025,UP,6622,,,,Notebook HP OMEN 16 Core,,,,True
,,,,UP-6623,,TRUE,,48 205.19,03.02.2025,UP,6623,,,,Notebook HP OMEN 16 Core,,,,True
,,,,UP-6624,,TRUE,,48 205.19,03.02.2025,UP,6624,,,,Notebook HP OMEN 16 Core,,,,True
,,,,UP-6625,,TRUE,,48 205.19,03.02.2025,UP,6625,,,,Notebook HP OMEN 16 Core,,,,True
,,,,UP-6626,,TRUE,,48 205.19,03.02.2025,UP,6626,,,,Notebook HP OMEN 16 Core,,,,True
,,,,UP-6627,,TRUE,,48 205.19,03.02.2025,UP,6627,,,,Notebook HP OMEN 16 Core,,,,True
,,,,UP-6628,,TRUE,,48 205.19,03.02.2025,UP,6628,,,,Notebook HP OMEN 16 Core,,,,True
,,,,UP-6629,,TRUE,,48 205.19,03.02.2025,UP,6629,,,,Notebook HP OMEN 16 Core,,,,True
,,,,UP-6630,,TRUE,,48 205.19,03.02.2025,UP,6630,,,,Notebook HP OMEN 16 Core,,,,True
,,,,UP-6631,,TRUE,,48 205.19,03.02.2025,UP,6631,,,,Notebook HP OMEN 16 Core,,,,True
,,,,UP-6632,,TRUE,,48 205.19,03.02.2025,UP,6632,,,,Notebook HP OMEN 16 Core,,,,True
,,,,UP-6633,,TRUE,,48 205.19,03.02.2025,UP,6633,,,,Notebook HP OMEN 16 Core,,,,True
,,,,UP-6634,,TRUE,,48 205.19,03.02.2025,UP,6634,,,,Notebook HP OMEN 16 Core,,,,True
,,,,UP-6635,,TRUE,,48 205.19,03.02.2025,UP,6635,,,,Notebook HP OMEN 16 Core,,,,True
,,,,UP-6636,,TRUE,,48 205.19,03.02.2025,UP,6636,,,,Notebook HP OMEN 16 Core,,,,True
,,,,UP-6637,,TRUE,,48 205.19,03.02.2025,UP,6637,,,,Notebook HP OMEN 16 Core,,,,True
,,,,UP-6638,,TRUE,,48 205.19,03.02.2025,UP,6638,,,,Notebook HP OMEN 16 Core,,,,True
,,,,UP-6639,,TRUE,,48 205.19,03.02.2025,UP,6639,,,,Notebook HP OMEN 16 Core,,,,True
,,,,S-5563,,TRUE,,28 894.80,22.12.2021,S,5563,,,,Notebook HPO Pav. Gaming,,,,True
,,,,UP-6610,,TRUE,,42 325.80,03.02.2025,UP,6610,,,,Notebook Chemie,,,,True
,,,,UP-6611,,TRUE,,42 325.80,03.02.2025,UP,6611,,,,Notebook Chemie,,,,True
,,,,UP-6612,,TRUE,,42 325.80,03.02.2025,UP,6612,,,,Notebook Chemie,,,,True
,,,,UP-6613,,TRUE,,42 325.80,03.02.2025,UP,6613,,,,Notebook Chemie,,,,True
,,,,UP-6614,,TRUE,,42 325.80,03.02.2025,UP,6614,,,,Notebook Chemie,,,,True
,,,,S-4749,,TRUE,,299.00,27.04.2018,S,4749,,,,obal na tablet,,,,True
,,,,S-6007,,TRUE,,1 690.00,24.11.2023,S,6007,,,,Obal na tablet/Air Black,,,,True
,,,,S-6008,,TRUE,,1 690.00,24.11.2023,S,6008,,,,Obal na tablet/Air Black,,,,True
,,,,S-6009,,TRUE,,1 690.00,24.11.2023,S,6009,,,,Obal na tablet/Air Black,,,,True
,,,,S-6010,,TRUE,,1 690.00,24.11.2023,S,6010,,,,Obal na tablet/Air Black,,,,True
,,,,S-6011,,TRUE,,1 690.00,24.11.2023,S,6011,,,,Obal na tablet/Air Black,,,,True
,,,,UP-5969,,TRUE,,13 990.00,14.11.2022,UP,5969,,,,Objektiv Olympus M.Zuiko Digital,,,,True
,,,,UP-5755,,TRUE,,15 246.00,08.12.2021,UP,5755,,,,Office standard-balik programů,,,,True
,,,,UP-5968,,TRUE,,4 990.00,10.11.2022,UP,5968,,,,Panoramatická hlava ROLLEI,,,,True
,,,,S-5565,,TRUE,,33 178.20,22.12.2021,S,5565,,,,PC HP Pav. Gaming,,,,True
OK,2,31,,UP-4762,,TRUE,,7 390.00,27.08.2018,UP,4762,,,,PC - sestava elite desk 800,,,,True
,,,,UP-4765,,TRUE,,7 390.00,27.08.2018,UP,4765,,,,PC sestava elite desk 800,,,,True
OK,1,27,,UP-6247,,TRUE,,25 990.00,29.12.2023,UP,6247,,,,PC Acer Aspire MT TC,,,,True
,,,,UP-6249,,TRUE,,18 137.90,29.12.2023,UP,6249,,,,PC HP Elite Mini 600G9,,,,True
,,,,UP-6250,,TRUE,,18 137.90,29.12.2023,UP,6250,,,,PC HP Elite Mini 600G9,,,,True
OK,1,32,,UP-6251,,TRUE,,18 137.90,29.12.2023,UP,6251,,,,PC HP Elite Mini 600G9,,,,True
OK,2,32,,UP-6252,,TRUE,,20 636.55,29.12.2023,UP,6252,,,,PC HP Pro Tower 400 G9,,,,True
,,,,S-5571,,TRUE,,16 637.50,29.12.2021,S,5571,,,,PC HP ProDesk 405G6 SFF,,,,True
OK,1,23,,UP-5931,,TRUE,,52 607.17,23.08.2022,UP,5931,,,,PC Premio Game A261SM,,,,True
OK,1,23,,UP-5932,,TRUE,,52 607.17,23.08.2022,UP,5932,,,,PC Premio Game A261SM,,,,True
OK,1,23,,UP-5933,,TRUE,,52 607.17,23.08.2022,UP,5933,,,,PC Premio Game A261-SM,,,,True
OK,1,23,,UP-5934,,TRUE,,52 607.17,23.08.2022,UP,5934,,,,PC Premio Game A261-SM,,,,True
OK,1,23,,UP-5935,,TRUE,,52 607.17,23.08.2022,UP,5935,,,,PC Premio Game A261-SM,,,,True
OK,1,23,,UP-5936,,TRUE,,52 607.17,23.08.2022,UP,5936,,,,PC Premio Game A261-SM,,,,True
OK,1,23,,UP-5937,,TRUE,,52 607.17,23.08.2022,UP,5937,,,,PC Premio Game A261SM,,,,True
OK,1,23,,UP-5938,,TRUE,,52 607.17,23.08.2022,UP,5938,,,,PC Premio Game A261-SM,,,,True
OK,1,23,,UP-5939,,TRUE,,52 607.17,23.08.2022,UP,5939,,,,PC Premio Game A261 - SM,,,,True
OK,1,23,,UP-5940,,TRUE,,52 607.17,23.08.2022,UP,5940,,,,PC Premio Game A261-SM,,,,True
OK,3,05,,UP-5941,,TRUE,,52 607.17,23.08.2022,UP,5941,,,,PC Premio Game A261 - SM,,,,True
OK,1,23,,UP-5942,,TRUE,,52 607.17,23.08.2022,UP,5942,,,,PC Premio Game A261-SM,,,,True
OK,1,23,,UP-5943,,TRUE,,52 607.17,23.08.2022,UP,5943,,,,PC Premio Game A261-SM,,,,True
OK,1,23,,UP-5944,,TRUE,,52 607.17,23.08.2022,UP,5944,,,,PC Premio Game A261SM,,,,True
,,,,UP-5946,,TRUE,,52 607.17,23.08.2022,UP,5946,,,,PC Premio Game A261-SM,,,,True
OK,1,23,,UP-5930,,TRUE,,95 852.57,23.08.2022,UP,5930,,,,PC Premio Game A261-SM,,,,True
OK,2,24,,S-4590,,TRUE,,10 677.00,31.08.2016,S,4590,,,,PC ProDesk 400G3,,,,True
,,,,UP-4628,,TRUE,,5 980.00,13.06.2017,UP,4628,,,,PC-Dell Opteplex,,,,True
,,,,UP-4629,,TRUE,,5 980.00,13.06.2017,UP,4629,,,,PC-Dell Opteplex,,,,True
OK,1,32,,S-4627,,TRUE,,19 089.00,22.12.2016,S,4627,,,,PC-HP 280 G2MT,,,,True
,,,,S-4729,,TRUE,,7 921.50,22.12.2017,S,4729,,,,PC-HP Compag Elite 8200,,,,True
,,,,S-4728,,TRUE,,7 921.50,22.12.2017,S,4728,,,,PC-HP Compag Elite 8200,,,,True
,,,,UP-4624,,TRUE,,11 898.00,29.05.2017,UP,4624,,,,PC-Intel HD (Win 10 Pro CZ),,,,True
,,,,S-4641,,TRUE,,20 593.00,12.05.2017,S,4641,,,,PC-notebook Acer TMP 259-02 CE,,,,True
,,,,S-3459,,TRUE,,15 890.00,15.12.2010,S,3459,,,,PC-notebook Acer TMS,,,,True
,,,,S-4640,,TRUE,,25 027.00,11.04.2017,S,4640,,,,PC-notebook Dell inspiron17 HD,,,,True
,,,,S-3609,,TRUE,,14 900.00,12.09.2011,S,3609,,,,PC-notebook TM5744 TravelMate,,,,True
,,,,S-3635,,TRUE,,21 500.00,16.11.2011,S,3635,,,,PC-notebook TM5760G,,,,True
,,,,S-3636,,TRUE,,26 250.00,16.11.2011,S,3636,,,,PC-notebook TM6760G,,,,True
,,,,S-3613,,TRUE,,14 900.00,22.09.2011,S,3613,,,,PC-notebook TMS5744,,,,True
,,,,S-3889,,TRUE,,16 590.00,12.07.2012,S,3889,,,,"PC-notebook Toshiba 15.6""",,,,True
,,,,S-3890,,TRUE,,16 590.00,12.07.2012,S,3890,,,,"PC-notebook Toshiba 15.6""",,,,True
,,,,S-3891,,TRUE,,16 590.00,12.07.2012,S,3891,,,,"PC-notebook Toshiba 15.6""",,,,True
,,,,S-268,,TRUE,,25 090.00,28.03.2006,S,268,,,,PC-počítač AMD,,,,True
,,,,S-4379,,TRUE,,12 690.00,31.08.2015,S,4379,,,,plátno NOBO Eletric,,,,True
,,,,S-6012,,TRUE,,732.05,24.11.2023,S,6012,,,,Polička perforovaná,,,,True
OK,1,27,,UP-5953,,TRUE,,9 999.00,03.10.2022,UP,5953,,,,Programovatelná meteo stanice,,,,True
,,,,S-5462,,TRUE,,34 727.00,08.12.2021,S,5462,,,,Projektor,,,,True
,,,,S-5463,,TRUE,,34 727.00,08.12.2021,S,5463,,,,Projektor,,,,True
,,,,S-4890,,TRUE,,18 567.00,31.10.2019,S,4890,,,,Projektor Acer 3D/1280x800,,,,True
,,,,S-4891,,TRUE,,18 567.00,31.10.2019,S,4891,,,,Projektor Acer 3D/1280x800,,,,True
,,,,S-4892,,TRUE,,18 567.00,31.10.2019,S,4892,,,,Projektor Acer 3D/1280x800,,,,True
,,,,S-5054,,TRUE,,23 225.00,03.08.2020,S,5054,,,,Projektor Acer DLP P5330W,,,,True
,,,,S-5072,,TRUE,,33 000.00,01.09.2020,S,5072,,,,Projektor Acer P5330W DLP 3D,,,,True
,,,,UP-3529,,TRUE,,35 000.00,28.12.2010,UP,3529,,,,projektor ACER S5200,,,,True
,,,,UP-1566,,TRUE,,60 000.00,21.12.2004,UP,1566,,,,projektor BenQ PB 7230-KU,,,,True
,,,,S-4195,,TRUE,,22 236.00,16.07.2014,S,4195,,,,projektor Epson EB,,,,True
,,,,S-4378,,TRUE,,19 500.00,31.08.2015,S,4378,,,,projektor Epson EB-W28300,,,,True
,,,,S-5566,,TRUE,,29 990.00,22.12.2021,S,5566,,,,Projektor Optoma HD29HVL,,,,True
,,,,UP-4772,,TRUE,,16 456.00,30.08.2018,UP,4772,,,,projektor Viewsonic,,,,True
,,,,UP-4770,,TRUE,,37 722.00,30.08.2018,UP,4770,,,,projektor VIVITEK,,,,True
,,,,UP-4771,,TRUE,,37 722.00,30.08.2018,UP,4771,,,,projektor VIVITEK,,,,True
,,,,S-4506,,TRUE,,38 135.00,25.12.2015,S,4506,,,,projektor VIVITEK-video,,,,True
,,,,S-4507,,TRUE,,38 135.00,25.12.2015,S,4507,,,,projektor VIVITEK-video,,,,True
,,,,UP-6368,,TRUE,,3 029.00,15.11.2024,UP,6368,,,,Přenosný reproduktor,,,,True
,,,,S-4861,,TRUE,,0.00,29.03.2019,S,4861,,,,přepsát,,,,True
,,,,S-3130,,TRUE,,497.50,19.12.2008,S,3130,,,,repro bedničky 2.0,,,,True
OK,3,26,,S-6321,,TRUE,,2 290.00,05.12.2024,S,6321,,,,Repro bedny Genius - černé,,,,True
,,,,UP-5807,,TRUE,,1 890.00,06.12.2021,UP,5807,,,,Repro bedny Genius dřevěné,,,,True
OK,3,25,,S-6124,,TRUE,,2 050.00,15.04.2024,S,6124,,,,Repro bedny Genius dřevěné,,,,True
OK,1,25,,S-6151,,TRUE,,2 290.00,06.09.2024,S,6151,,,,Repro bedny Genius SP-HF 1800A,,,,True
OK,2,31,,S-6495,,TRUE,,2 290.00,23.12.2024,S,6495,,,,Repro bedny Genius SP-HF 1800A,,,,True
OK,1,25,,S-6496,,TRUE,,2 290.00,23.12.2024,S,6496,,,,Repro bedny Genius SP-HF 1800A,,,,True
OK,2,05,,S-5038,,TRUE,,1 590.00,22.06.2020,S,5038,,,,Repro Genius-dřevěná 50 W,,,,True
,,,,S-5039,,TRUE,,1 590.00,22.06.2020,S,5039,,,,Repro Genius-dřevěná 50 W,,,,True
,,,,UP-5914,,TRUE,,7 990.00,01.07.2022,UP,5914,,,,Reproduktor-LG ON7 Hi-Fi,,,,True
,,,,UP-5915,,TRUE,,7 990.00,01.07.2022,UP,5915,,,,Reproduktor-LG ON7 Hi-Fi,,,,True
,,,,S-3973,,TRUE,,2 000.00,14.12.2012,S,3973,,,,reproduktory,,,,True
,,,,S-6006,,TRUE,,26 365.90,15.11.2023,S,6006,,,,Router FortiGate 60F,,,,True
,,,,S-5470,,TRUE,,18 668.43,08.12.2021,S,5470,,,,Rozvaděč,,,,True
,,,,S-5429,,TRUE,,153 348.14,03.09.2021,S,5429,,,,Rozvodná skříň pro opt. kabeláž,,,,True
,,,,UP-6608,,TRUE,,298 860.32,03.02.2025,UP,6608,,,,Ruční 3D Skener EinScan HX,,,,True
,,,,UP-6609,,TRUE,,298 860.32,03.02.2025,UP,6609,,,,Ruční 3D Skener EinScan HX,,,,True
,,,,UP-5728,,TRUE,,50 820.00,08.12.2021,UP,5728,,,,Sada progr. pro tvorbu grafiky,,,,True
,,,,S-5477,,TRUE,,317 579.42,08.12.2021,S,5477,,,,Server 1,,,,True
,,,,S-5478,,TRUE,,317 579.42,08.12.2021,S,5478,,,,Server 2,,,,True
,,,,S-5894,,TRUE,,958 078.00,07.10.2022,S,5894,,,,Serwer DELL PowerEdge,,,,True
,,,,UP-6735,,TRUE,,21 589.20,11.03.2025,UP,6735,,,,Skener StereoLabs ZED 2i,,,,True
,,,,UP-6642,,TRUE,,2 170.74,03.02.2025,UP,6642,,,,Sluchátka HP HYPERX CLOUDII,,,,True
,,,,UP-6643,,TRUE,,2 170.74,03.02.2025,UP,6643,,,,Sluchátka HP HYPERX CLOUDII,,,,True
,,,,UP-6644,,TRUE,,2 170.74,03.02.2025,UP,6644,,,,Sluchátka HP HYPERX CLOUDII,,,,True
,,,,UP-6645,,TRUE,,2 170.74,03.02.2025,UP,6645,,,,Sluchátka HP HYPERX CLOUDII,,,,True
,,,,UP-6646,,TRUE,,2 170.74,03.02.2025,UP,6646,,,,Sluchátka HP HYPERX CLOUDII,,,,True
,,,,UP-6647,,TRUE,,2 170.74,03.02.2025,UP,6647,,,,Sluchátka HP HYPERX CLOUDII,,,,True
,,,,UP-6648,,TRUE,,2 170.74,03.02.2025,UP,6648,,,,Sluchátka HP HYPERX CLOUDII,,,,True
,,,,UP-6649,,TRUE,,2 170.74,03.02.2025,UP,6649,,,,Sluchátka HP HYPERX CLOUDII,,,,True
,,,,UP-6650,,TRUE,,2 170.74,03.02.2025,UP,6650,,,,Sluchátka HP HYPERX CLOUDII,,,,True
,,,,UP-6651,,TRUE,,2 170.74,03.02.2025,UP,6651,,,,Sluchátka HP HYPERX CLOUDII,,,,True
,,,,UP-6652,,TRUE,,2 170.74,03.02.2025,UP,6652,,,,Sluchátka HP HYPERX CLOUDII,,,,True
,,,,UP-6653,,TRUE,,2 170.74,03.02.2025,UP,6653,,,,Sluchátka HP HYPERX CLOUDII,,,,True
,,,,UP-6654,,TRUE,,2 170.74,03.02.2025,UP,6654,,,,Sluchátka HP HYPERX CLOUDII,,,,True
,,,,UP-6655,,TRUE,,2 170.74,03.02.2025,UP,6655,,,,Sluchátka HP HYPERX CLOUDII,,,,True
,,,,UP-6656,,TRUE,,2 170.74,03.02.2025,UP,6656,,,,Sluchátka HP HYPERX CLOUDII,,,,True
,,,,UP-6657,,TRUE,,2 170.74,03.02.2025,UP,6657,,,,Sluchátka HP HYPERX CLOUDII,,,,True
,,,,UP-6658,,TRUE,,2 170.74,03.02.2025,UP,6658,,,,Sluchátka HP HYPERX CLOUDII,,,,True
,,,,UP-6659,,TRUE,,2 170.74,03.02.2025,UP,6659,,,,Sluchátka HP HYPERX CLOUDII,,,,True
,,,,UP-6660,,TRUE,,2 170.74,03.02.2025,UP,6660,,,,Sluchátka HP HYPERX CLOUDII,,,,True
,,,,UP-6661,,TRUE,,2 170.74,03.02.2025,UP,6661,,,,Sluchátka HP HYPERX CLOUDII,,,,True
,,,,UP-6662,,TRUE,,2 170.74,03.02.2025,UP,6662,,,,Sluchátka HP HYPERX CLOUDII,,,,True
,,,,UP-6663,,TRUE,,2 170.74,03.02.2025,UP,6663,,,,Sluchátka HP HYPERX CLOUDII,,,,True
,,,,UP-6664,,TRUE,,2 170.74,03.02.2025,UP,6664,,,,Sluchátka HP HYPERX CLOUDII,,,,True
,,,,UP-6665,,TRUE,,2 170.74,03.02.2025,UP,6665,,,,Sluchátka HP HYPERX CLOUDII,,,,True
,,,,UP-6666,,TRUE,,2 170.74,03.02.2025,UP,6666,,,,Sluchátka HP HYPERX CLOUDII,,,,True
,,,,S-3948,,TRUE,,6 332.00,14.12.2012,S,3948,,,,sluchátko jazykové,,,,True
,,,,S-3949,,TRUE,,6 332.00,14.12.2012,S,3949,,,,sluchátko jazykové,,,,True
,,,,S-3950,,TRUE,,6 332.00,14.12.2012,S,3950,,,,sluchátko jazykové,,,,True
,,,,S-3951,,TRUE,,6 332.00,14.12.2012,S,3951,,,,sluchátko jazykové,,,,True
,,,,S-3952,,TRUE,,6 332.00,14.12.2012,S,3952,,,,sluchátko jazykové,,,,True
,,,,S-3953,,TRUE,,6 332.00,14.12.2012,S,3953,,,,sluchátko jazykové,,,,True
,,,,S-3954,,TRUE,,6 332.00,14.12.2012,S,3954,,,,sluchátko jazykové,,,,True
,,,,S-3955,,TRUE,,6 332.00,14.12.2012,S,3955,,,,sluchátko jazykové,,,,True
,,,,S-3956,,TRUE,,6 332.00,14.12.2012,S,3956,,,,sluchátko jazykové,,,,True
,,,,S-3957,,TRUE,,6 332.00,14.12.2012,S,3957,,,,sluchátko jazykové,,,,True
,,,,S-3958,,TRUE,,6 332.00,14.12.2012,S,3958,,,,sluchátko jazykové,,,,True
,,,,S-3959,,TRUE,,6 332.00,14.12.2012,S,3959,,,,sluchátko jazykové,,,,True
,,,,S-3960,,TRUE,,6 332.00,14.12.2012,S,3960,,,,sluchátko jazykové,,,,True
,,,,S-3961,,TRUE,,6 332.00,14.12.2012,S,3961,,,,sluchátko jazykové,,,,True
,,,,S-3962,,TRUE,,6 332.00,14.12.2012,S,3962,,,,sluchátko jazykové,,,,True
,,,,S-3963,,TRUE,,6 332.00,14.12.2012,S,3963,,,,sluchátko jazykové,,,,True
,,,,S-3964,,TRUE,,6 332.00,14.12.2012,S,3964,,,,sluchátko jazykové,,,,True
,,,,S-3965,,TRUE,,6 332.00,14.12.2012,S,3965,,,,sluchátko jazykové,,,,True
,,,,S-3966,,TRUE,,6 332.00,14.12.2012,S,3966,,,,sluchátko jazykové,,,,True
,,,,S-3967,,TRUE,,6 332.00,14.12.2012,S,3967,,,,sluchátko jazykové,,,,True
,,,,S-3968,,TRUE,,6 332.00,14.12.2012,S,3968,,,,sluchátko jazykové,,,,True
,,,,S-3969,,TRUE,,6 332.00,14.12.2012,S,3969,,,,sluchátko jazykové,,,,True
,,,,S-3970,,TRUE,,6 332.00,14.12.2012,S,3970,,,,sluchátko jazykové,,,,True
,,,,S-3971,,TRUE,,6 332.00,14.12.2012,S,3971,,,,sluchátko jazykové,,,,True
,,,,S-3972,,TRUE,,6 332.00,14.12.2012,S,3972,,,,sluchátko jazykové,,,,True
,,,,S-4509,,TRUE,,1 815.00,25.12.2015,S,4509,,,,snímač interaktivní,,,,True
,,,,S-4510,,TRUE,,1 815.00,25.12.2015,S,4510,,,,snímač interaktivní,,,,True
,,,,S-4511,,TRUE,,1 815.00,25.12.2015,S,4511,,,,snímač interaktivní,,,,True
,,,,UP-4773,,TRUE,,2 790.00,30.08.2018,UP,4773,,,,snímač interaktivní,,,,True
,,,,UP-4774,,TRUE,,2 790.00,30.08.2018,UP,4774,,,,snímač interaktivni,,,,True
,,,,S-4715,,TRUE,,2 562.00,24.11.2017,S,4715,,,,snímač interaktivní E4ST,,,,True
,,,,S-4716,,TRUE,,2 562.00,24.11.2017,S,4716,,,,snímač interaktivní E4ST,,,,True
,,,,S-4717,,TRUE,,2 562.00,24.11.2017,S,4717,,,,snímač interaktivní E4ST,,,,True
,,,,UP-6763,,TRUE,,501 500.23,12.05.2025,UP,6763,,,,Software pro obsluhu 3D objektů,,,,True
,,,,UP-5970,,TRUE,,6 190.00,14.11.2022,UP,5970,,,,Stativ Vanguard VEO 3,,,,True
,,,,S-5472,,TRUE,,7 528.41,08.12.2021,S,5472,,,,SW pro server 1,,,,True
,,,,S-5473,,TRUE,,7 528.41,08.12.2021,S,5473,,,,SW pro server 2,,,,True
,,,,UP-5748,,TRUE,,multilicence,96 800.00,UP,5748,,,,SW Quine Engine,,,,True
,,,,S-6526,,TRUE,,26 184.40,03.02.2025,S,6526,,,,Switch Aruba JL677A 6100,,,,True
,,,,S-6525,,TRUE,,26 184.40,03.02.2025,S,6525,,,,Switch Aruba JL677A 6100 24G,,,,True
,,,,S-4790,,TRUE,,13 217.00,04.10.2018,S,4790,,,,Switch HP 2530 24G,,,,True
,,,,S-4791,,TRUE,,24 049.00,04.10.2018,S,4791,,,,Switch HP 2530 48G,,,,True
,,,,S-4347,,TRUE,,14 153.00,14.05.2015,S,4347,,,,Switch HP 2530-24G,,,,True
,,,,S-5481,,TRUE,,172 148.82,08.12.2021,S,5481,,,,Switche (1+2) - 9 ks,,,,True
,,,,UP-5956,,TRUE,,9 668.00,25.10.2022,UP,5956,,,,Tablet Acer Enduro Urban T3,,,,True
,,,,UP-5957,,TRUE,,9 668.00,25.10.2022,UP,5957,,,,Tablet Acer Enduro Urban T3,,,,True
,,,,UP-5958,,TRUE,,9 668.00,25.10.2022,UP,5958,,,,Tablet Acer Enduro Urban T3,,,,True
,,,,UP-5961,,TRUE,,10 273.00,25.10.2022,UP,5961,,,,Tablet Apple iPad,,,,True
,,,,UP-5962,,TRUE,,10 273.00,25.10.2022,UP,5962,,,,Tablet Apple iPad,,,,True
OK,1,27,,UP-5964,,TRUE,,10 273.00,25.10.2022,UP,5964,,,,Tablet Apple iPad,,,,True
,,,,UP-5965,,TRUE,,10 273.00,25.10.2022,UP,5965,,,,Tablet Apple iPad,,,,True
,,,,S-4748,,TRUE,,11 499.00,27.04.2018,S,4748,,,,tablet Lenovo MIIX 320,,,,True
,,,,S-6590,,TRUE,,24 480.00,02.09.2025,S,6590,,,,Tablet ONYX BOOX TAB X C +,,,,True
,,,,UP-5994,,TRUE,,21 990.00,30.12.2022,UP,5994,,,,"Tablet Samsung Galaxy TAB S8 11""",,,,True
,,,,UP-6378,,TRUE,,9 922.00,22.11.2024,UP,6378,,,,Tablet Samsung Galaxy+obal+folie,,,,True
,,,,UP-6379,,TRUE,,9 922.00,22.11.2024,UP,6379,,,,Tablet Samsung Galaxy+obal+folie,,,,True
,,,,UP-6380,,TRUE,,9 922.00,22.11.2024,UP,6380,,,,Tablet Samsung Galaxy+obal+folie,,,,True
,,,,UP-6381,,TRUE,,9 922.00,22.11.2024,UP,6381,,,,Tablet Samsung Galaxy+obal+folie,,,,True
,,,,UP-6382,,TRUE,,9 922.00,22.11.2024,UP,6382,,,,Tablet Samsung Galaxy+obal+folie,,,,True
,,,,UP-6383,,TRUE,,9 922.00,22.11.2024,UP,6383,,,,Tablet Samsung Galaxy+obal+folie,,,,True
,,,,UP-6384,,TRUE,,9 922.00,22.11.2024,UP,6384,,,,Tablet Samsung Galaxy+obal+folie,,,,True
,,,,UP-6385,,TRUE,,9 922.00,22.11.2024,UP,6385,,,,Tablet Samsung Galaxy+obal+folie,,,,True
,,,,UP-6386,,TRUE,,9 922.00,22.11.2024,UP,6386,,,,Tablet Samsung Galaxy+obal+folie,,,,True
,,,,UP-6387,,TRUE,,9 922.00,22.11.2024,UP,6387,,,,Tablet Samsung Galaxy+obal+folie,,,,True
,,,,UP-6388,,TRUE,,9 922.00,22.11.2024,UP,6388,,,,Tablet Samsung Galaxy+obal+folie,,,,True
,,,,UP-6389,,TRUE,,9 922.00,22.11.2024,UP,6389,,,,Tablet Samsung Galaxy+obal+folie,,,,True
,,,,UP-6390,,TRUE,,9 922.00,22.11.2024,UP,6390,,,,Tablet Samsung Galaxy+obal+folie,,,,True
,,,,UP-6391,,TRUE,,9 922.00,22.11.2024,UP,6391,,,,Tablet Samsung Galaxy+obal+folie,,,,True
,,,,UP-6341,,TRUE,,8 269.00,30.08.2024,UP,6341,,,,Tablet Samsung,,,,True
,,,,UP-6142,,TRUE,,21 490.00,27.10.2023,UP,6142,,,,Tablet W11PRO platinový,,,,True
,,,,S-4178,,TRUE,,6 550.00,10.04.2014,S,4178,,,,"tablet YOGA 8""",,,,True
,,,,UP-5069,,TRUE,,6 700.00,30.09.2019,UP,5069,,,,Tablet-Acer Iconia One 10FHD,,,,True
,,,,S-4593,,TRUE,,528.00,31.08.2016,S,4593,,,,TP-Link TL-WN722,,,,True
,,,,S-4594,,TRUE,,528.00,31.08.2016,S,4594,,,,TP-Link TL-WN722,,,,True
,,,,S-4595,,TRUE,,528.00,31.08.2016,S,4595,,,,TP-Link TL-WN722,,,,True
,,,,S-4597,,TRUE,,528.00,31.08.2016,S,4597,,,,TP-Link TL-WN722,,,,True
,,,,S-5896,,TRUE,,1 839.20,30.12.2022,S,5896,,,,Tranciever 10G,,,,True
,,,,S-5897,,TRUE,,1 839.20,30.12.2022,S,5897,,,,Tranciever 10G,,,,True
,,,,S-5898,,TRUE,,1 839.20,30.12.2022,S,5898,,,,Tranciever 10G,,,,True
,,,,S-5899,,TRUE,,1 839.20,30.12.2022,S,5899,,,,Tranciever 10G,,,,True
,,,,UP-5924,,TRUE,,31 460.00,02.08.2022,UP,5924,,,,Třídní sada VEX GO-el. a díly,,,,True
,,,,UP-5925,,TRUE,,31 460.00,02.08.2022,UP,5925,,,,Třídní sada VEX GO-el. a díly,,,,True
,,,,S-6548,,TRUE,,9 590.00,21.03.2025,S,6548,,,,UPS Eaton Ellipse ECO 1600VA,,,,True
,,,,S-5901,,TRUE,,8 987.88,30.12.2022,S,5901,,,,UPS Network Management,,,,True
,,,,UP-6141,,TRUE,,35 874.00,25.09.2023,UP,6141,,,,VEX 123-žákovská sada-6 ks,,,,True
,,,,UP-5926,,TRUE,,16 516.50,02.08.2022,UP,5926,,,,VEX GO-doplňkové díly a herní pole,,,,True
,,,,UP-5927,,TRUE,,16 516.50,02.08.2022,UP,5927,,,,VEX GO-doplňkové díly a herní pole,,,,True
,,,,UP-6531,,TRUE,,15 488.00,31.12.2024,UP,6531,,,,VEX IQ - žákovská sada,,,,True
,,,,UP-6532,,TRUE,,15 488.00,31.12.2024,UP,6532,,,,VEX IQ - žákovská sada,,,,True
,,,,UP-6533,,TRUE,,15 488.00,31.12.2024,UP,6533,,,,VEX IQ - žákovská sada,,,,True
,,,,UP-6534,,TRUE,,15 488.00,31.12.2024,UP,6534,,,,VEX IQ - žákovská sada,,,,True
,,,,UP-6535,,TRUE,,15 488.00,31.12.2024,UP,6535,,,,VEX IQ - žákovská sada,,,,True
,,,,UP-6528,,TRUE,,6 292.00,31.12.2024,UP,6528,,,,VEX IQ-rozš. sada-robot.stavebnice,,,,True
,,,,S-5998,,TRUE,,9 505.50,06.09.2023,S,5998,,,,Videovrátník monitor,,,,True
,,,,S-5999,,TRUE,,9 505.50,06.09.2023,S,5999,,,,Videovrátník monitor,,,,True
,,,,S-6000,,TRUE,,9 505.50,06.09.2023,S,6000,,,,Videovrátník monitor,,,,True
,,,,S-6001,,TRUE,,9 505.50,06.09.2023,S,6001,,,,Videovrátník monitor,,,,True
,,,,S-6002,,TRUE,,9 505.50,06.09.2023,S,6002,,,,Videovrátník monitor,,,,True
,,,,UP-5842,,TRUE,,15 984.10,22.12.2021,UP,5842,,,,Virtuální brýle,,,,True
,,,,S-5464,,TRUE,,14 520.00,08.12.2021,S,5464,,,,Vizualizér,,,,True
,,,,S-3702,,TRUE,,21 000.00,24.11.2011,S,3702,,,,Vizualizer DC 11,,,,True
,,,,UP-5729,,TRUE,,10 890.00,08.12.2021,UP,5729,,,,VRay-Cinema 4D - software,,,,True
,,,,UP-5730,,TRUE,,10 890.00,08.12.2021,UP,5730,,,,VRay-Cinema 4D - software,,,,True
,,,,UP-5923,,TRUE,,35 937.00,02.08.2022,UP,5923,,,,Výukový robot-VEX 123-sada,,,,True
,,,,S-5480,,TRUE,,358 387.99,08.12.2021,S,5480,,,,WiFi síť AP1-30 ks+AP2-2 ks,,,,True
,,,,UP-4631,,TRUE,,500.00,13.06.2017,UP,4631,,,,Windows 10Pro Mar,,,,True
,,,,UP-4632,,TRUE,,500.00,13.06.2017,UP,4632,,,,Windows 10Pro Mar,,,,True
,,,,UP-4633,,TRUE,,500.00,13.06.2017,UP,4633,,,,Windows 10Pro Mar,,,,True
,,,,S-5482,,TRUE,,132 891.72,08.12.2021,S,5482,,,,Windows Server 2016-licence 550,,,,True
,,,,S-5474,,TRUE,,17 651.08,08.12.2021,S,5474,,,,Zálohovací systém Veeam 1,,,,True
,3,27,,S-5475,,TRUE,,17 651.08,08.12.2021,S,5475,,,,Zálohovací systém Veeam 2,,,,True
OK,1,25,Š,4625,Monitor,,,,,,,,Nalezeno navíc při fyzické inventuře,,,,,,
OK,1,25,UP,3362,Monitor,,,,,,,,Nalezeno navíc při fyzické inventuře,,,,,,
OK,1,27,Š,3634 (vyřazeno),Monitor Acer,,,,,,,,Nalezeno navíc při fyzické inventuře,,,,,,
OK,1,27,Š,4413,Monitor,,,,,,,,Nalezeno navíc při fyzické inventuře,,,,,,
OK,1,31,Š,4626,Monitor,,,,,,,,Nalezeno navíc při fyzické inventuře,,,,,,
OK,2,06,Š,6731,Monitor,,,,,,,,Nalezeno navíc při fyzické inventuře,,,,,,
OK,2,26,UP,3528,Notebook,,,,,,,,Nalezeno navíc při fyzické inventuře,,,,,,
OK,2,32,Š,3710,Monitor,,,,,,,,Nalezeno navíc při fyzické inventuře,,,,,,
OK,2,32,Š,5807,Reproduktory,,,,,,,,Nalezeno navíc při fyzické inventuře,,,,,,
OK,3,06,UP,4582,Monitor,,,,,,,,Nalezeno navíc při fyzické inventuře,,,,,,
OK,3,21,UP,5308,Notebook HP,,,,,,,,Nalezeno navíc při fyzické inventuře,,,,,,
