stav,Změna,Pavilon,Místnost,IČ1,IČ2,Inv. číslo,Název,Typ,Podtyp,SN,"VYRAD
",Datum pořízení,Cena
,,,,S,5087,S-5087,,PO Acer Chromebook,,,,17.09.2020,14 790.00
,,,,S,5117,S-5117,,Acer Swift 3 ProBook,,,,23.10.2020,27 642.45
,,,,S,5118,S-5118,,Acer Swift 3 ProBook,,,,23.10.2020,27 642.45
,,,,S,5119,S-5119,,Acer Swift 3 ProBook,,,,23.10.2020,27 642.45
,,,,S,5483,S-5483,,Antivirový systém,,,,08.12.2021,84 745.50
,,,,S,5468,S-5468,,APC UPS pro servery 1,,,,08.12.2021,29 070.86
,,,,S,5469,S-5469,,APC UPS pro servery 2,,,,08.12.2021,29 070.86
,,,,S,5867,S-5867,,Apple iPad 2019-Space Gray,,,,01.11.2022,11 979.00
,,,,S,5868,S-5868,,Apple iPad 2019-Space Gray,,,,01.11.2022,11 979.00
,,,,S,5869,S-5869,,Apple iPad 2019-Space Gray,,,,01.11.2022,11 979.00
,,,,S,5870,S-5870,,Apple iPad 2019-Space Gray,,,,01.11.2022,11 979.00
,,,,S,5871,S-5871,,Apple iPad 2019-Space Gray,,,,01.11.2022,11 979.00
,,,,S,5872,S-5872,,Apple iPad 2019-Space Gray,,,,01.11.2022,11 979.00
,,,,S,5873,S-5873,,Apple iPad 2019-Space Gray,,,,01.11.2022,11 979.00
,,,,S,5874,S-5874,,Apple iPad 2019-Space Gray,,,,01.11.2022,11 979.00
,,,,S,5875,S-5875,,Apple iPad 2019-Space Gray,,,,01.11.2022,11 979.00
,,,,S,5876,S-5876,,Apple iPad 2019-Space Gray,,,,01.11.2022,11 979.00
,,,,S,5877,S-5877,,Apple iPad 2019-Space Gray,,,,01.11.2022,11 979.00
,,,,S,5878,S-5878,,Apple iPad 2019-Space Gray,,,,01.11.2022,11 979.00
,,,,S,5879,S-5879,,Apple iPad 2019-Space Gray,,,,01.11.2022,11 979.00
,,,,S,5880,S-5880,,Apple iPad 2019-Space Gray,,,,01.11.2022,11 979.00
,,,,S,5881,S-5881,,Apple iPad 2019-Space Gray,,,,01.11.2022,11 979.00
,,,,S,5882,S-5882,,Apple iPad 2019-Space Gray,,,,01.11.2022,11 979.00
,,,,S,5883,S-5883,,Apple iPad 2019-Space Gray,,,,01.11.2022,11 979.00
,,,,S,5884,S-5884,,Apple iPad 2019-Space Gray,,,,01.11.2022,11 979.00
,,,,S,5885,S-5885,,Apple iPad 2019-Space Gray,,,,01.11.2022,11 979.00
,,,,S,5886,S-5886,,Apple iPad 2019-Space Gray,,,,01.11.2022,11 979.00
,,,,S,5887,S-5887,,Apple iPad 2019-Space Gray,,,,01.11.2022,11 979.00
,,,,S,5888,S-5888,,Apple iPad 2019-Space Gray,,,,01.11.2022,11 979.00
,,,,S,5889,S-5889,,Apple iPad 2019-Space Gray,,,,01.11.2022,11 979.00
,,,,S,5890,S-5890,,Apple iPad 2019-Space Gray,,,,01.11.2022,11 979.00
,,,,UP,6118,UP-6118,,Apple iPad/MK2K3FD/A,,,,04.09.2023,11 990.00
,,,,UP,6119,UP-6119,,Apple iPad/MK2K3FD/A,,,,04.09.2023,11 990.00
,,,,UP,6120,UP-6120,,Apple iPad/MK2K3FD/A,,,,04.09.2023,11 990.00
,,,,UP,6121,UP-6121,,Apple iPad/MK2K3FD/A,,,,04.09.2023,11 990.00
,,,,UP,6158,UP-6158,,"Apple iPadOS16/Silve - 10,9""",,,,20.11.2023,14 734.00
,,,,S,5891,S-5891,,Apple TV 32GB-MR912CS/A,,,,01.11.2022,5 847.00
,,,,S,223,S-223,,bedničky repro,,,,28.12.2004,0.00
,,,,S,4410,S-4410,,bedničky repro,,,,10.09.2015,1 590.00
,,,,S,4411,S-4411,,bedničky repro,,,,10.09.2015,1 590.00
,,,,S,2196,S-2196,,bedničky repro A4 tech (souprava),,,,18.02.2004,190.00
,,,,S,3997,S-3997,,bedničky Repro Genius,,,,19.12.2012,750.00
,,,,S,4176,S-4176,,bedničky repro Genius,,,,10.04.2014,270.00
,,,,S,4599,S-4599,,bedničky repro Genius SP-HF,,,,09.09.2016,1 650.00
,,,,S,4601,S-4601,,bedničky repro Genius SP-HF,,,,09.09.2016,1 650.00
,,,,S,3687,S-3687,,bedničky repro Redstar,,,,24.11.2011,1 050.00
,,,,S,3677,S-3677,,bedničky repro RS-215R,,,,10.11.2011,3 150.00
,,,,S,3680,S-3680,,bedničky repro RS-215R,,,,10.11.2011,3 150.00
,,,,S,4001,S-4001,,bedničky-Repro Genius,,,,19.12.2012,750.00
,,,,S,4818,S-4818,,brašna k notebooku,,,,17.12.2018,747.00
,,,,S,3463,S-3463,,brašna na notebook,,,,15.12.2010,1 690.00
,,,,UP,6764,UP-6764,,Brýle pro virtuální realitu,,,,12.05.2025,19 948.06
,,,,UP,6765,UP-6765,,Brýle pro virtuální realitu,,,,12.05.2025,19 948.06
,,,,UP,6766,UP-6766,,Brýle pro virtuální realitu,,,,12.05.2025,19 948.06
,,,,UP,6767,UP-6767,,Brýle pro virtuální realitu,,,,12.05.2025,19 948.06
,,,,UP,6768,UP-6768,,Brýle pro virtuální realitu,,,,12.05.2025,19 948.06
,,,,UP,6769,UP-6769,,Brýle pro virtuální realitu,,,,12.05.2025,19 948.06
,,,,UP,6770,UP-6770,,Brýle pro virtuální realitu,,,,12.05.2025,19 948.06
,,,,UP,6771,UP-6771,,Brýle pro virtuální realitu,,,,12.05.2025,19 948.06
,,,,UP,6772,UP-6772,,Brýle pro virtuální realitu,,,,12.05.2025,19 948.06
,,,,UP,6773,UP-6773,,Brýle pro virtuální realitu,,,,12.05.2025,19 948.06
,,,,UP,6774,UP-6774,,Brýle pro virtuální realitu,,,,12.05.2025,19 948.06
,,,,UP,6775,UP-6775,,Brýle pro virtuální realitu,,,,12.05.2025,19 948.06
,,,,UP,6776,UP-6776,,Brýle pro virtuální realitu,,,,12.05.2025,19 948.06
,,,,UP,6777,UP-6777,,Brýle pro virtuální realitu,,,,12.05.2025,19 948.06
,,,,UP,6778,UP-6778,,Brýle pro virtuální realitu,,,,12.05.2025,19 948.06
,,,,UP,6779,UP-6779,,Brýle pro virtuální realitu,,,,12.05.2025,19 948.06
,,,,UP,6780,UP-6780,,Brýle pro virtuální realitu,,,,12.05.2025,19 948.06
,,,,UP,6781,UP-6781,,Brýle pro virtuální realitu,,,,12.05.2025,19 948.06
,,,,UP,6782,UP-6782,,Brýle pro virtuální realitu,,,,12.05.2025,19 948.06
,,,,UP,6783,UP-6783,,Brýle pro virtuální realitu,,,,12.05.2025,19 948.06
,,,,UP,6784,UP-6784,,Brýle pro virtuální realitu,,,,12.05.2025,19 948.06
,,,,UP,6785,UP-6785,,Brýle pro virtuální realitu,,,,12.05.2025,19 948.06
,,,,UP,6786,UP-6786,,Brýle pro virtuální realitu,,,,12.05.2025,19 948.06
,,,,UP,6787,UP-6787,,Brýle pro virtuální realitu,,,,12.05.2025,19 948.06
,,,,UP,6788,UP-6788,,Brýle pro virtuální realitu,,,,12.05.2025,19 948.06
,,,,UP,6641,UP-6641,,Dataprojektor - Chemie,,,,03.02.2025,34 303.50
,,,,UP,6736,UP-6736,,Dataprojektor Acer X1529HK,,,,11.03.2025,21 049.20
,,,,UP,6640,UP-6640,,Dataprojektor EPSON EB-L520U,,,,03.02.2025,43 299.85
,,,,S,5443,S-5443,,Dataprojektor MMV DLNK,,,,08.12.2021,30 271.48
,,,,UP,5731,UP-5731,,Desktop žákovský,,,,08.12.2021,46 012.66
,,,,UP,5732,UP-5732,,Desktop žákovský,,,,08.12.2021,46 012.66
,,,,UP,5733,UP-5733,,Desktop žákovský,,,,08.12.2021,46 012.66
,,,,UP,5734,UP-5734,,Desktop žákovský,,,,08.12.2021,46 012.66
,,,,UP,5735,UP-5735,,Desktop žákovský,,,,08.12.2021,46 012.66
,,,,UP,5736,UP-5736,,Desktop žákovský,,,,08.12.2021,46 012.66
,,,,UP,5737,UP-5737,,Desktop žákovský,,,,08.12.2021,46 012.66
,,,,UP,5738,UP-5738,,Desktop žákovský,,,,08.12.2021,46 012.66
,,,,UP,5739,UP-5739,,Desktop žákovský,,,,08.12.2021,46 012.66
,,,,UP,5740,UP-5740,,Desktop žákovský,,,,08.12.2021,46 012.66
,,,,UP,5741,UP-5741,,Desktop žákovský,,,,08.12.2021,46 012.66
,,,,UP,5742,UP-5742,,Desktop žákovský,,,,08.12.2021,46 012.66
,,,,UP,5743,UP-5743,,Desktop žákovský,,,,08.12.2021,46 012.66
,,,,UP,5744,UP-5744,,Desktop žákovský,,,,08.12.2021,46 012.66
,,,,UP,5745,UP-5745,,Desktop žákovský,,,,08.12.2021,46 012.66
,,,,UP,5746,UP-5746,,Desktop žákovský,,,,08.12.2021,46 012.66
,,,,UP,5747,UP-5747,,Desktop žákovský,,,,08.12.2021,46 012.66
,,,,UP,6737,UP-6737,,Držák dataprojektoru Acer,,,,11.03.2025,1 836.01
,,,,S,6070,S-6070,,Držák LCD panelu,,,,29.12.2023,1 500.00
,,,,UP,6257,UP-6257,,Držák monitoru Mounting Bracket,,,,29.12.2023,1 616.70
,,,,UP,6258,UP-6258,,Držák monitoru Mounting Bracket,,,,29.12.2023,1 616.70
,,,,UP,6259,UP-6259,,Držák monitoru Mounting Bracket,,,,29.12.2023,1 618.70
,,,,UP,4778,UP-4778,,držák Stell,,,,30.08.2018,1 210.00
,,,,S,4893,S-4893,,El. projekční plátno AVELI 265x149,,,,31.10.2019,10 967.00
,,,,S,4894,S-4894,,El. projekční plátno AVELI 265x149,,,,31.10.2019,10 967.00
,,,,S,4895,S-4895,,El. projekční plátno AVELI 265x149,,,,31.10.2019,10 967.00
,,,,S,4896,S-4896,,El. projekční plátno AVELI 265x149,,,,31.10.2019,10 967.00
,,,,S,3749,S-3749,,externi hardisk,,,,28.12.2011,3 690.00
,,,,S,3480,S-3480,,flash Drive,,,,08.02.2011,790.00
,,,,UP,5967,UP-5967,,Fotoaparát PANASONIC Lumix,,,,10.11.2022,37 090.00
,,,,UP,5972,UP-5972,,Fotoaparát SONY s paměť. kartou,,,,12.12.2022,17 240.00
,,,,UP,5973,UP-5973,,Fotoaparát SONY s paměť. kartou,,,,12.12.2022,17 389.00
,,,,S,5027,S-5027,,Hard disk HDD ext. 2TB WD,,,,11.02.2020,2 150.00
,,,,UP,6530,UP-6530,,Herní elementy Rapid relay,,,,31.12.2024,4 235.00
,,,,UP,6529,UP-6529,,Herní pole-VEX IQ - 6x8 dlaždic,,,,31.12.2024,11 979.00
,,,,UP,6589,UP-6589,,Herní sluchátka s mikrofonem,,,,13.12.2024,669.47
,,,,UP,6590,UP-6590,,Herní sluchátka s mikrofonem,,,,13.12.2024,669.47
,,,,UP,6591,UP-6591,,Herní sluchátka s mikrofonem,,,,13.12.2024,669.47
,,,,UP,6592,UP-6592,,Herní sluchátka s mikrofonem,,,,13.12.2024,669.47
,,,,UP,6593,UP-6593,,Herní sluchátka s mikrofonem,,,,13.12.2024,669.47
,,,,UP,6594,UP-6594,,Herní sluchátka s mikrofonem,,,,13.12.2024,669.47
,,,,UP,6595,UP-6595,,Herní sluchátka s mikrofonem,,,,13.12.2024,669.47
,,,,UP,6596,UP-6596,,Herní sluchátka s mikrofonem,,,,13.12.2024,669.46
,,,,UP,6604,UP-6604,,Herní sluchátka s mikrofonem,,,,13.12.2024,669.47
,,,,UP,6605,UP-6605,,Herní sluchátka s mikrofonem,,,,13.12.2024,669.47
,,,,UP,6606,UP-6606,,Herní sluchátka s mikrofonem,,,,13.12.2024,669.47
,,,,UP,6543,UP-6543,,HP 150 myš,,,,13.12.2024,193.80
,,,,UP,6544,UP-6544,,HP 150 myš,,,,13.12.2024,193.80
,,,,UP,6545,UP-6545,,HP 150 myš,,,,13.12.2024,193.80
,,,,UP,6546,UP-6546,,HP 150 myš,,,,13.12.2024,193.80
,,,,UP,6547,UP-6547,,HP 150 myš,,,,13.12.2024,193.80
,,,,UP,6548,UP-6548,,HP 150 myš,,,,13.12.2024,193.80
,,,,UP,6549,UP-6549,,HP 150 myš,,,,13.12.2024,193.80
,,,,UP,6550,UP-6550,,HP 150 myš,,,,13.12.2024,193.80
,,,,UP,6551,UP-6551,,HP 150 myš,,,,13.12.2024,193.80
,,,,UP,6552,UP-6552,,HP 150 myš,,,,13.12.2024,193.80
,,,,UP,6553,UP-6553,,HP 150 myš,,,,13.12.2024,193.80
,,,,UP,6554,UP-6554,,HP 150 myš,,,,13.12.2024,193.80
,,,,UP,6555,UP-6555,,HP 150 myš,,,,13.12.2024,193.80
,,,,UP,6556,UP-6556,,HP 150 myš,,,,13.12.2024,193.80
,,,,UP,6557,UP-6557,,HP 150 myš,,,,13.12.2024,193.80
,,,,UP,6558,UP-6558,,HP 150 myš,,,,13.12.2024,193.80
,,,,UP,6559,UP-6559,,HP 150 myš,,,,13.12.2024,193.80
,,,,UP,6560,UP-6560,,HP 150 myš,,,,13.12.2024,193.80
,,,,UP,6561,UP-6561,,HP 150 myš,,,,13.12.2024,193.80
,,,,UP,6562,UP-6562,,HP 150 myš,,,,13.12.2024,193.80
,,,,UP,6563,UP-6563,,HP 150 myš,,,,13.12.2024,193.80
,,,,UP,6564,UP-6564,,HP 150 myš,,,,13.12.2024,193.80
,,,,UP,6565,UP-6565,,HP 150 myš,,,,13.12.2024,193.80
,,,,UP,6566,UP-6566,,HP 150 myš,,,,13.12.2024,193.80
,,,,UP,6567,UP-6567,,HP 150 myš,,,,13.12.2024,193.80
,,,,UP,6568,UP-6568,,HP 150 myš,,,,13.12.2024,193.80
,,,,UP,6569,UP-6569,,HP 150 myš,,,,13.12.2024,193.80
,,,,UP,6570,UP-6570,,HP 150 myš,,,,13.12.2024,193.80
,,,,UP,6571,UP-6571,,HP 150 myš,,,,13.12.2024,193.80
,,,,UP,6572,UP-6572,,HP 150 myš,,,,13.12.2024,193.61
,,,,UP,6536,UP-6536,,HP PC Pro Mini 400G9+Windows 11,,,,13.12.2024,20 834.84
,,,,UP,6537,UP-6537,,HP PC Pro Mini 400G9+Windows 11,,,,13.12.2024,20 834.84
,,,,UP,6538,UP-6538,,HP PC Pro Mini 400G9+Windows 11,,,,13.12.2024,20 834.85
,,,,UP,6597,UP-6597,,HP PC Pro Mini 400G9+Windows 11,,,,13.12.2024,20 834.84
,,,,UP,6598,UP-6598,,HP PC Pro Mini 400G9+Windows 11,,,,13.12.2024,20 834.84
,,,,UP,6599,UP-6599,,HP PC Pro Mini 400G9+Windows 11,,,,13.12.2024,20 834.84
,,,,UP,6600,UP-6600,,HP PC Pro Mini 400G9+Windows 11,,,,13.12.2024,20 834.86
,,,,S,5112,S-5112,,HP ProBook 435 G7,,,,23.10.2020,30 343.17
,,,,S,5113,S-5113,,HP ProBook 435 G7,,,,23.10.2020,30 343.17
,,,,S,5114,S-5114,,HP ProBook 435 G7,,,,23.10.2020,30 343.17
,,,,S,5115,S-5115,,HP ProBook 435 G7,,,,23.10.2020,30 343.17
,,,,S,5116,S-5116,,HP ProBook 435 G7,,,,23.10.2020,30 343.17
,,,,UP,6326,UP-6326,,HP ProBook 455 G10: 9X1U0ES,,,,14.06.2024,21 605.76
,,,,UP,6327,UP-6327,,HP ProBook 455 G10: 9X1U0ES,,,,14.06.2024,21 605.76
,,,,UP,6328,UP-6328,,HP ProBook 455 G10: 9X1U0ES,,,,14.06.2024,21 605.76
,,,,UP,6329,UP-6329,,HP ProBook 455 G10: 9X1U0ES,,,,14.06.2024,21 605.76
,,,,UP,6330,UP-6330,,HP ProBook 455 G10: 9X1U0ES,,,,14.06.2024,21 605.76
,,,,UP,6331,UP-6331,,HP ProBook 455 G10: 9X1U0ES,,,,14.06.2024,21 605.76
,,,,UP,6332,UP-6332,,HP ProBook 455 G10: 9X1U0ES,,,,14.06.2024,21 605.76
,,,,UP,6333,UP-6333,,HP ProBook 455 G10: 9X1U0ES,,,,14.06.2024,21 605.76
,,,,UP,6334,UP-6334,,HP ProBook 455 G10: 9X1U0ES,,,,14.06.2024,21 605.76
,,,,UP,6335,UP-6335,,HP ProBook 455 G10: 9X1U0ES,,,,14.06.2024,21 605.76
,,,,UP,6336,UP-6336,,HP ProBook 455 G10: 9X1UQES,,,,14.06.2024,21 605.76
,,,,S,5314,S-5314,,Chromebook Acer,,,,22.12.2020,15 990.00
,,,,S,5315,S-5315,,Chromebook Acer,,,,22.12.2020,15 990.00
,,,,S,5316,S-5316,,Chromebook Acer,,,,22.12.2020,15 990.00
,,,,S,5317,S-5317,,Chromebook Acer,,,,22.12.2020,15 990.00
,,,,S,5318,S-5318,,Chromebook Acer,,,,22.12.2020,15 990.00
,,,,S,5319,S-5319,,Chromebook Acer,,,,22.12.2020,15 990.00
,,,,S,5320,S-5320,,Chromebook Acer,,,,22.12.2020,15 990.00
,,,,S,5321,S-5321,,Chromebook Acer,,,,22.12.2020,15 990.00
,,,,S,5310,S-5310,,Chromebook Acer 1,,,,22.12.2020,15 990.00
,,,,S,5311,S-5311,,Chromebook Acer 1,,,,22.12.2020,15 990.00
,,,,S,5312,S-5312,,Chromebook Acer 1,,,,22.12.2020,15 990.00
,,,,S,5313,S-5313,,Chromebook Acer 1,,,,22.12.2020,15 990.00
,,,,S,3173,S-3173,,interaktivní tabule,,,,25.02.2009,101 626.00
,,,,UP,3123,UP-3123,,interaktivní tabule Smart,,,,09.06.2008,77 567.00
,,,,UP,3101,UP-3101,,interaktivní tabule Smart,,,,14.05.2008,84 466.00
,,,,UP,1742,UP-1742,,Interaktivní tabule Smart,,,,21.12.2006,82 562.00
,,,,UP,3564,UP-3564,,interaktivní tabule SMART Board 685,,,,31.12.2010,33 368.00
,,,,UP,6163,UP-6163,,"ipad Pro 11""+Cellular 128GB",,,,12.12.2023,31 990.00
,,,,S,6003,S-6003,,Kamera,,,,06.09.2023,9 348.55
,,,,UP,6573,UP-6573,,Klávesnice Genius,,,,13.12.2024,264.99
,,,,UP,6574,UP-6574,,Klávesnice Genius,,,,13.12.2024,264.99
,,,,UP,6575,UP-6575,,Klávesnice Genius,,,,13.12.2024,264.99
,,,,UP,6576,UP-6576,,Klávesnice Genius,,,,13.12.2024,264.99
,,,,UP,6577,UP-6577,,Klávesnice Genius,,,,13.12.2024,264.99
,,,,UP,6578,UP-6578,,Klávesnice Genius,,,,13.12.2024,264.99
,,,,UP,6579,UP-6579,,Klávesnice Genius,,,,13.12.2024,264.99
,,,,UP,6580,UP-6580,,Klávesnice Genius,,,,13.12.2024,264.99
,,,,UP,6581,UP-6581,,Klávesnice Genius,,,,13.12.2024,264.99
,,,,UP,6582,UP-6582,,Klávesnice Genius,,,,13.12.2024,264.99
,,,,UP,6583,UP-6583,,Klávesnice Genius,,,,13.12.2024,264.99
,,,,UP,6584,UP-6584,,Klávesnice Genius,,,,13.12.2024,264.99
,,,,UP,6585,UP-6585,,Klávesnice Genius,,,,13.12.2024,264.99
,,,,UP,6586,UP-6586,,Klávesnice Genius,,,,13.12.2024,264.99
,,,,UP,6587,UP-6587,,Klávesnice Genius,,,,13.12.2024,264.99
,,,,UP,6588,UP-6588,,Klávesnice Genius,,,,13.12.2024,264.99
,,,,S,4969,S-4969,,"LCD 22"" Acer KA220HQ",,,,20.12.2019,2 541.00
,,,,S,4970,S-4970,,"LCD 22"" Acer KA220HQ",,,,20.12.2019,2 541.00
,,,,S,4971,S-4971,,"LCD 22"" Acer KA220HQ",,,,20.12.2019,2 541.00
,,,,S,4972,S-4972,,"LCD 22"" Acer KG221Q",,,,20.12.2019,2 667.00
,,,,S,5476,S-5476,,Micos-správce IT pro centr.správu,,,,08.12.2021,14 090.34
,,,,S,5564,S-5564,,Microsoft Windows Pro VL Upgrade,,,,22.12.2021,2 153.80
,,,,S,5567,S-5567,,Microsoft Windows Pro VL Upgrade,,,,30.12.2021,2 153.80
,,,,UP,5207,UP-5207,,Mini PC Raspberry Pi4B/4GB,,,,23.12.2019,5 100.00
,,,,UP,5208,UP-5208,,Mini PC Raspberry Pi4B/4GB,,,,23.12.2019,5 100.00
,,,,S,6059,S-6059,,"MIUč+Zeměpis 6, 1. díl",,,,20.10.2022,4 265.50
,,,,S,6060,S-6060,,"MIUč+Zeměpis 6, 2. díl",,,,20.10.2022,4 265.50
,,,,UP,6061,UP-6061,,"MIUč+Zeměpis 7, 1. díl",,,,20.10.2022,4 265.50
,,,,UP,6062,UP-6062,,"MIUč+Zeměpis 7, 2. díl",,,,20.10.2022,4 265.50
,,,,UP,6122,UP-6122,,Mobilní telefon Samsung Galaxy,,,,18.05.2023,5 990.00
,,,,UP,6123,UP-6123,,Mobilní telefon Samsung Galaxy,,,,18.05.2023,5 990.00
,,,,UP,6124,UP-6124,,Mobilní telefon Samsung Galaxy,,,,18.05.2023,5 990.00
,,,,UP,6125,UP-6125,,Mobilní telefon Samsung Galaxy,,,,18.05.2023,5 990.00
,,,,UP,6126,UP-6126,,Mobilní telefon Samsung Galaxy,,,,18.05.2023,5 990.00
,,,,UP,6127,UP-6127,,Mobilní telefon Samsung Galaxy,,,,18.05.2023,5 990.00
,,,,UP,6128,UP-6128,,Mobilní telefon Samsung Galaxy,,,,18.05.2023,5 990.00
,,,,UP,6129,UP-6129,,Mobilní telefon Samsung Galaxy,,,,18.05.2023,5 990.00
,,,,UP,6130,UP-6130,,Mobilní telefon Samsung Galaxy,,,,18.05.2023,5 990.00
,,,,UP,6131,UP-6131,,Mobilní telefon Samsung Galaxy,,,,18.05.2023,5 990.00
,,,,UP,3070,UP-3070,,monitor,,,,28.12.2007,0.00
,,,,S,2964,S-2964,,monitor,,,,28.12.2007,6 069.00
,,,,S,3296,S-3296,,monitor,,,,29.12.2009,3 850.00
,,,,UP,3461,UP-3461,,monitor,,,,24.02.2010,0.00
,,,,UP,3252,UP-3252,,monitor,,,,29.12.2008,0.00
,,,,UP,3255,UP-3255,,monitor,,,,29.12.2008,0.00
,,,,S,3928,S-3928,,monitor,,,,30.11.2012,0.00
,,,,S,2811,S-2811,,"monitor 19"" TFT ACER AL1917FSD",,,,30.11.2007,5 790.00
,,,,S,2812,S-2812,,"monitor 19"" TFT ACER AL1917FSD",,,,30.11.2007,5 790.00
,,,,S,3634,S-3634,,monitor LCD Acer H274HL,,,,24.11.2011,9 000.00
,,,,S,5902,S-5902,,"Monitor HP LCD P24h G5 23,8""",,,,30.12.2022,4 260.41
,,,,UP,4766,UP-4766,,monitor LCD ZR22,,,,27.08.2018,2 090.00
,,,,UP,4767,UP-4767,,monitor LCD ZR22,,,,27.08.2018,2 090.00
,,,,UP,4768,UP-4768,,monitor LCD ZR22,,,,27.08.2018,2 090.00
,,,,UP,4769,UP-4769,,monitor LCD ZR22,,,,27.08.2018,2 090.00
,,,,S,2877,S-2877,,"monitor 19"" LCD BENQ FP 95G",,,,21.12.2007,5 000.00
,,,,S,2878,S-2878,,"monitor 19"" LCD BENQ FP 95G",,,,21.12.2007,5 000.00
,,,,S,2880,S-2880,,"monitor 19"" LCD BENQ FP 95G",,,,21.12.2007,5 000.00
,,,,S,2881,S-2881,,"monitor 19"" LCD BENQ FP 95G",,,,21.12.2007,5 000.00
,,,,S,2882,S-2882,,"monitor 20""LCD Samsung 205 BW",,,,21.12.2007,6 000.00
,,,,S,4885,S-4885,,"Monitor ACER 21.5""",,,,31.10.2019,4 608.00
,,,,S,4886,S-4886,,"Monitor ACER 21.5""",,,,31.10.2019,4 608.00
,,,,S,4887,S-4887,,"Monitor ACER 21.5""",,,,31.10.2019,4 608.00
,,,,S,4888,S-4888,,"Monitor ACER 21.5""",,,,31.10.2019,4 608.00
,,,,S,4976,S-4976,,"Monitor Acer KG271miix 27""",,,,23.12.2019,5 191.00
,,,,S,6589,S-6589,,Monitor Acer LCD Nitro,,,,02.09.2025,3 690.00
,,,,UP,6248,UP-6248,,Monitor Acer VG240y,,,,29.12.2023,2 790.00
,,,,S,4503,S-4503,,monitor AOC LCD,,,,21.12.2015,2 683.00
,,,,S,4504,S-4504,,monitor AOC LCD,,,,21.12.2015,2 683.00
,,,,S,4505,S-4505,,monitor AOC LCD,,,,21.12.2015,2 685.00
,,,,S,4578,S-4578,,monitor AOC MT LCD,,,,31.08.2016,2 510.00
,,,,S,4579,S-4579,,monitor AOC MT LCD,,,,31.08.2016,2 510.00
,,,,S,4580,S-4580,,monitor AOC MT LCD,,,,31.08.2016,2 510.00
,,,,S,4581,S-4581,,monitor AOC MT LCD,,,,31.08.2016,2 510.00
,,,,S,4582,S-4582,,monitor AOC MT LCD,,,,31.08.2016,2 510.00
,,,,S,3792,S-3792,,monitor Asus VW193,,,,29.12.2011,0.00
,,,,UP,6255,UP-6255,,"Monitor HP E24 G4 23,8""",,,,29.12.2023,4 210.80
,,,,UP,6256,UP-6256,,"Monitor HP E24 G4 23.8""",,,,29.12.2023,4 210.80
,,,,UP,6253,UP-6253,,"Monitor HP E27q G4 27""",,,,29.12.2023,5 795.90
,,,,UP,6254,UP-6254,,"Monitor HP E27q G4 27""",,,,29.12.2023,5 795.90
,,,,S,4383,S-4383,,monitor K222HQL,,,,25.06.2015,2 890.00
,,,,S,4408,S-4408,,monitor KA210HQbd,,,,22.09.2015,2 990.00
,,,,S,4412,S-4412,,monitor KA210HQbd,,,,23.09.2015,2 990.00
,,,,S,4414,S-4414,,monitor KA210HQbd,,,,23.09.2015,2 990.00
,,,,S,4416,S-4416,,monitor KA210HQbd,,,,23.09.2015,2 990.00
,,,,S,3583,S-3583,,monitor LCD,,,,29.07.2011,9 517.00
,,,,S,3586,S-3586,,monitor LCD,,,,29.07.2011,9 517.00
,,,,S,3587,S-3587,,monitor LCD,,,,29.07.2011,9 517.00
,,,,S,3588,S-3588,,monitor LCD,,,,29.07.2011,9 517.00
,,,,S,3589,S-3589,,monitor LCD,,,,29.07.2011,9 517.00
,,,,S,3592,S-3592,,monitor LCD,,,,29.07.2011,9 517.00
,,,,S,3593,S-3593,,monitor LCD,,,,29.07.2011,9 517.00
,,,,S,3596,S-3596,,monitor LCD,,,,29.07.2011,9 517.00
,,,,S,3598,S-3598,,monitor LCD,,,,29.07.2011,9 517.00
,,,,S,3599,S-3599,,monitor LCD,,,,29.07.2011,9 517.00
,,,,S,3600,S-3600,,monitor LCD,,,,29.07.2011,9 517.00
,,,,S,3603,S-3603,,monitor LCD,,,,29.07.2011,9 527.00
,,,,S,3542,S-3542,,monitor LCD,,,,29.07.2011,0.00
,,,,UP,3069,UP-3069,,"monitor LCD 19""",,,,28.12.2007,0.00
,,,,S,3754,S-3754,,"monitor LCD Acer 18,5""",,,,28.12.2011,2 450.00
,,,,S,6071,S-6071,,"Monitor LCD AOC 24"" 2K",,,,29.12.2023,3 790.00
,,,,S,5993,S-5993,,Monitor LCD E243,,,,28.07.2023,1 890.00
,,,,S,4731,S-4731,,monitor LCD K222 HQLbd LED,,,,22.12.2017,2 490.00
,,,,S,4732,S-4732,,monitor LCD K222Lbd LED,,,,22.12.2017,2 490.00
,,,,S,4733,S-4733,,monitor LCD K222Lbd LED,,,,22.12.2017,2 490.00
,,,,S,4773,S-4773,,monitor LCD WLED,,,,10.09.2018,2 323.00
,,,,S,3903,S-3903,,"monitor LED 20""",,,,31.08.2012,2 376.00
,,,,S,4254,S-4254,,"monitor LED 22"" PHILIPS",,,,29.08.2014,3 750.00
,,,,S,4481,S-4481,,"monitor LED ASUS 21,5""",,,,27.11.2015,3 850.00
,,,,S,4482,S-4482,,"monitor LED ASUS 21,5""",,,,27.11.2015,3 850.00
,,,,S,4649,S-4649,,monitor Philips,,,,29.05.2017,3 023.00
,,,,UP,4623,UP-4623,,monitor Philips,,,,29.05.2017,3 024.00
,,,,S,5581,S-5581,,Monitor pro kamerový systém,,,,02.03.2022,9 922.00
,,,,UP,6601,UP-6601,,Monitor Samsung,,,,13.12.2024,3 702.40
,,,,UP,6602,UP-6602,,Monitor Samsung,,,,13.12.2024,3 702.40
,,,,UP,6603,UP-6603,,Monitor Samsung,,,,13.12.2024,3 702.42
,,,,UP,3378,UP-3378,,"monitor Samsung 19""",,,,30.12.2009,0.00
,,,,UP,3361,UP-3361,,"monitor Samsung 19""",,,,17.12.2009,0.00
,,,,UP,3367,UP-3367,,"monitor Samsung 19""",,,,17.12.2009,0.00
,,,,UP,3368,UP-3368,,"monitor Samsung 19""",,,,17.12.2009,0.00
,,,,UP,3371,UP-3371,,"monitor Samsung 19""",,,,17.12.2009,0.00
,,,,UP,3377,UP-3377,,"monitor Samsung 19""",,,,30.12.2009,0.00
,,,,S,4572,S-4572,,monitor Samsung LFD,,,,31.08.2016,16 643.00
,,,,S,4575,S-4575,,monitor Samsung LFD,,,,31.08.2016,16 643.00
,,,,S,4577,S-4577,,monitor Samsung LFD,,,,31.08.2016,16 643.00
,,,,UP,6539,UP-6539,,Monitor Samsung MT LED,,,,13.12.2024,3 702.40
,,,,UP,6540,UP-6540,,Monitor Samsung MT LED,,,,13.12.2024,3 702.41
,,,,UP,6541,UP-6541,,Monitor Samsung MT LED,,,,13.12.2024,3 702.41
,,,,UP,6542,UP-6542,,Monitor Samsung MT LED,,,,13.12.2024,3 702.41
,,,,S,4683,S-4683,,"monitor VX248H 24""",,,,29.08.2017,4 020.00
,,,,S,4849,S-4849,,"monitor-Acer LCD, LED 55cm",,,,29.03.2019,2 350.00
,,,,S,4850,S-4850,,"monitor-Acer LCD, LED 55cm",,,,29.03.2019,2 350.00
,,,,S,4847,S-4847,,"monitor-Acer LCD, LED 55 cm",,,,29.03.2019,2 350.00
,,,,S,4848,S-4848,,"monitor-Acer LCD, LED 55cm",,,,29.03.2019,2 350.00
,,,,S,4851,S-4851,,"monitor-Acer LED, LCD 55cm",,,,29.03.2019,2 350.00
,,,,S,4854,S-4854,,monitor-LCD CZ350CKbmiiphx,,,,29.03.2019,16 400.00
,,,,S,6493,S-6493,,Myš vertikální Genius bezdrátová,,,,23.12.2024,390.00
,,,,S,6494,S-6494,,Nabíjecí HUB/USB - 20 x,,,,23.12.2024,5 990.00
,,,,UP,6394,UP-6394,,Nabíjecí stanice Belkin 10x USB,,,,05.12.2024,3 090.00
,,,,S,5471,S-5471,,NAS uložiště,,,,08.12.2021,31 041.96
,,,,S,6581,S-6581,,NAS-pevný disk - 12G Enterprise,,,,17.07.2025,6 037.90
,,,,UP,5749,UP-5749,,Notebook,,,,08.12.2021,24 926.00
,,,,UP,5750,UP-5750,,Notebook 1,,,,08.12.2021,24 926.00
,,,,UP,5751,UP-5751,,Notebook 2,,,,08.12.2021,24 926.00
,,,,UP,5752,UP-5752,,Notebook 3,,,,08.12.2021,24 926.00
,,,,UP,5753,UP-5753,,Notebook 4,,,,08.12.2021,24 926.00
,,,,UP,5754,UP-5754,,Notebook 5,,,,08.12.2021,24 926.00
,,,,S,5308,S-5308,,Notebook Acer Aspire 5,,,,22.12.2020,27 818.00
,,,,S,6069,S-6069,,Notebook Acer Swift 3,,,,29.12.2023,15 990.00
,,,,S,5306,S-5306,,Notebook Acer Swift 5,,,,22.12.2020,38 962.00
,,,,S,5034,S-5034,,Notebook Acer TM P215-51-31wp,,,,14.04.2020,16 290.00
,,,,S,5309,S-5309,,Notebook Acer TravelMate,,,,22.12.2020,26 003.00
,,,,UP,5921,UP-5921,,Notebook Acer TravelMate P2,,,,01.07.2022,23 558.50
,,,,UP,5922,UP-5922,,Notebook Acer TravelMate P2,,,,01.07.2022,23 558.50
,,,,UP,5916,UP-5916,,Notebook Acer TravelMate Vero,,,,01.07.2022,22 736.00
,,,,UP,5917,UP-5917,,Notebook Acer TravelMate Vero PO,,,,01.07.2022,22 736.00
,,,,UP,5918,UP-5918,,Notebook Acer TravelMate Vero,,,,01.07.2022,22 736.00
,,,,UP,5919,UP-5919,,Notebook Acer TravelMate Vero,,,,01.07.2022,22 736.00
,,,,UP,5920,UP-5920,,Notebook Acer TravelMate Vero,,,,01.07.2022,22 736.00
,,,,S,5183,S-5183,,Notebook Asus,,,,19.11.2020,8 350.00
,,,,S,5307,S-5307,,Notebook ASUS ROG Zephyrus,,,,22.12.2020,39 809.00
,,,,UP,6615,UP-6615,,Notebook HP OMEN 16 Core,,,,03.02.2025,48 205.19
,,,,UP,6616,UP-6616,,Notebook HP OMEN 16 Core,,,,03.02.2025,48 205.19
,,,,UP,6617,UP-6617,,Notebook HP OMEN 16 Core,,,,03.02.2025,48 205.19
,,,,UP,6618,UP-6618,,Notebook HP OMEN 16 Core,,,,03.02.2025,48 205.19
,,,,UP,6619,UP-6619,,Notebook HP OMEN 16 Core,,,,03.02.2025,48 205.19
,,,,UP,6620,UP-6620,,Notebook HP OMEN 16 Core,,,,03.02.2025,48 205.19
,,,,UP,6621,UP-6621,,Notebook HP OMEN 16 Core,,,,03.02.2025,48 205.19
,,,,UP,6622,UP-6622,,Notebook HP OMEN 16 Core,,,,03.02.2025,48 205.19
,,,,UP,6623,UP-6623,,Notebook HP OMEN 16 Core,,,,03.02.2025,48 205.19
,,,,UP,6624,UP-6624,,Notebook HP OMEN 16 Core,,,,03.02.2025,48 205.19
,,,,UP,6625,UP-6625,,Notebook HP OMEN 16 Core,,,,03.02.2025,48 205.19
,,,,UP,6626,UP-6626,,Notebook HP OMEN 16 Core,,,,03.02.2025,48 205.19
,,,,UP,6627,UP-6627,,Notebook HP OMEN 16 Core,,,,03.02.2025,48 205.19
,,,,UP,6628,UP-6628,,Notebook HP OMEN 16 Core,,,,03.02.2025,48 205.19
,,,,UP,6629,UP-6629,,Notebook HP OMEN 16 Core,,,,03.02.2025,48 205.19
,,,,UP,6630,UP-6630,,Notebook HP OMEN 16 Core,,,,03.02.2025,48 205.19
,,,,UP,6631,UP-6631,,Notebook HP OMEN 16 Core,,,,03.02.2025,48 205.19
,,,,UP,6632,UP-6632,,Notebook HP OMEN 16 Core,,,,03.02.2025,48 205.19
,,,,UP,6633,UP-6633,,Notebook HP OMEN 16 Core,,,,03.02.2025,48 205.19
,,,,UP,6634,UP-6634,,Notebook HP OMEN 16 Core,,,,03.02.2025,48 205.19
,,,,UP,6635,UP-6635,,Notebook HP OMEN 16 Core,,,,03.02.2025,48 205.19
,,,,UP,6636,UP-6636,,Notebook HP OMEN 16 Core,,,,03.02.2025,48 205.19
,,,,UP,6637,UP-6637,,Notebook HP OMEN 16 Core,,,,03.02.2025,48 205.19
,,,,UP,6638,UP-6638,,Notebook HP OMEN 16 Core,,,,03.02.2025,48 205.19
,,,,UP,6639,UP-6639,,Notebook HP OMEN 16 Core,,,,03.02.2025,48 205.19
,,,,S,5563,S-5563,,Notebook HPO Pav. Gaming,,,,22.12.2021,28 894.80
,,,,UP,6610,UP-6610,,Notebook Chemie,,,,03.02.2025,42 325.80
,,,,UP,6611,UP-6611,,Notebook Chemie,,,,03.02.2025,42 325.80
,,,,UP,6612,UP-6612,,Notebook Chemie,,,,03.02.2025,42 325.80
,,,,UP,6613,UP-6613,,Notebook Chemie,,,,03.02.2025,42 325.80
,,,,UP,6614,UP-6614,,Notebook Chemie,,,,03.02.2025,42 325.80
,,,,S,4749,S-4749,,obal na tablet,,,,27.04.2018,299.00
,,,,S,6007,S-6007,,Obal na tablet/Air Black,,,,24.11.2023,1 690.00
,,,,S,6008,S-6008,,Obal na tablet/Air Black,,,,24.11.2023,1 690.00
,,,,S,6009,S-6009,,Obal na tablet/Air Black,,,,24.11.2023,1 690.00
,,,,S,6010,S-6010,,Obal na tablet/Air Black,,,,24.11.2023,1 690.00
,,,,S,6011,S-6011,,Obal na tablet/Air Black,,,,24.11.2023,1 690.00
,,,,UP,5969,UP-5969,,Objektiv Olympus M.Zuiko Digital,,,,14.11.2022,13 990.00
,,,,UP,5755,UP-5755,,Office standard-balik programů,,,,08.12.2021,15 246.00
,,,,UP,5968,UP-5968,,Panoramatická hlava ROLLEI,,,,10.11.2022,4 990.00
,,,,S,5895,S-5895,,PC Acer Nitro N50-120+klávesnice,,,,30.12.2022,22 990.00
,,,,S,4757,S-4757,,PC-HP EliteDesk,,,,05.06.2018,28 798.00
,,,,S,5565,S-5565,,PC HP Pav. Gaming,,,,22.12.2021,33 178.20
,,,,S,4647,S-4647,,PC-Intel HD (Win10ProCZ),,,,29.05.2017,11 898.00
,,,,S,4335,S-4335,,PC-LYNX Easy,,,,25.06.2015,11 499.00
,,,,S,4787,S-4787,,PC-notebook Acer Extensa,,,,27.09.2018,13 990.00
,,,,S,4774,S-4774,,PC-Probook HP,,,,10.09.2018,20 141.00
,,,,UP,4762,UP-4762,,PC - sestava elite desk 800,,,,27.08.2018,7 390.00
,,,,UP,4763,UP-4763,,PC sestava elite desk 800,,,,27.08.2018,7 390.00
,,,,UP,4765,UP-4765,,PC sestava elite desk 800,,,,27.08.2018,7 390.00
,,,,UP,6247,UP-6247,,PC Acer Aspire MT TC,,,,29.12.2023,25 990.00
,,,,S,4968,S-4968,,PC Acer Veriton ES2735G,,,,20.12.2019,15 990.00
,,,,S,4973,S-4973,,PC Acer Veriton ES2735G,,,,20.12.2019,15 990.00
,,,,S,4974,S-4974,,PC Acer Veriton ES2735G,,,,20.12.2019,15 990.00
,,,,S,4975,S-4975,,PC Acer Veriton ES2735G,,,,20.12.2019,15 990.00
,,,,UP,6249,UP-6249,,PC HP Elite Mini 600G9,,,,29.12.2023,18 137.90
,,,,UP,6250,UP-6250,,PC HP Elite Mini 600G9,,,,29.12.2023,18 137.90
,,,,UP,6251,UP-6251,,PC HP Elite Mini 600G9,,,,29.12.2023,18 137.90
,,,,S,4897,S-4897,,PC HP EliteDesk 800G2,,,,31.10.2019,15 555.00
,,,,S,4898,S-4898,,PC HP EliteDesk 800G2,,,,31.10.2019,15 555.00
,,,,S,4899,S-4899,,PC HP EliteDesk 800G2,,,,31.10.2019,15 555.00
,,,,S,4882,S-4882,,PC HP EliteDesk 800G2,,,,31.10.2019,15 554.00
,,,,S,5355,S-5355,,PC HP Pro Desk 405 G6DM,,,,31.12.2020,15 016.10
,,,,S,5356,S-5356,,PC HP Pro Desk 405 G6DM,,,,31.12.2020,15 016.10
,,,,S,5357,S-5357,,PC HP Pro Desk 405 G6DM,,,,31.12.2020,15 016.10
,,,,UP,6252,UP-6252,,PC HP Pro Tower 400 G9,,,,29.12.2023,20 636.55
,,,,S,5568,S-5568,,PC HP ProDesk 405G6 SFF,,,,29.12.2021,16 637.50
,,,,S,5569,S-5569,,PC HP ProDesk 405G6 SFF,,,,29.12.2021,16 637.50
,,,,S,5570,S-5570,,PC HP ProDesk 405G6 SFF,,,,29.12.2021,16 637.50
,,,,S,5571,S-5571,,PC HP ProDesk 405G6 SFF,,,,29.12.2021,16 637.50
,,,,S,5904,S-5904,,PC HP ProDesk/405 G8,,,,30.12.2022,21 046.74
,,,,S,4483,S-4483,,PC Lenovo Edge,,,,27.11.2015,10 560.00
,,,,S,4484,S-4484,,PC Lenovo Edge,,,,27.11.2015,10 560.00
,,,,S,4500,S-4500,,PC Lenovo TC Edge,,,,21.12.2015,13 764.00
,,,,S,4501,S-4501,,PC Lenovo TC Edge,,,,21.12.2015,13 764.00
,,,,S,3542,S-3542,,PC Lynx,,,,29.07.2011,25 490.00
,,,,S,4817,S-4817,,PC notebook Acer TravelMate,,,,17.12.2018,26 990.00
,,,,UP,5931,UP-5931,,PC Premio Game A261SM,,,,23.08.2022,52 607.17
,,,,UP,5932,UP-5932,,PC Premio Game A261SM,,,,23.08.2022,52 607.17
,,,,UP,5933,UP-5933,,PC Premio Game A261-SM,,,,23.08.2022,52 607.17
,,,,UP,5934,UP-5934,,PC Premio Game A261-SM,,,,23.08.2022,52 607.17
,,,,UP,5935,UP-5935,,PC Premio Game A261-SM,,,,23.08.2022,52 607.17
,,,,UP,5936,UP-5936,,PC Premio Game A261-SM,,,,23.08.2022,52 607.17
,,,,UP,5937,UP-5937,,PC Premio Game A261SM,,,,23.08.2022,52 607.17
,,,,UP,5938,UP-5938,,PC Premio Game A261-SM,,,,23.08.2022,52 607.17
,,,,UP,5939,UP-5939,,PC Premio Game A261 - SM,,,,23.08.2022,52 607.17
,,,,UP,5940,UP-5940,,PC Premio Game A261-SM,,,,23.08.2022,52 607.17
,,,,UP,5941,UP-5941,,PC Premio Game A261 - SM,,,,23.08.2022,52 607.17
,,,,UP,5942,UP-5942,,PC Premio Game A261-SM,,,,23.08.2022,52 607.17
,,,,UP,5943,UP-5943,,PC Premio Game A261-SM,,,,23.08.2022,52 607.17
,,,,UP,5944,UP-5944,,PC Premio Game A261SM,,,,23.08.2022,52 607.17
,,,,UP,5945,UP-5945,,PC Premio Game A261 - SM,,,,23.08.2022,52 607.17
,,,,UP,5946,UP-5946,,PC Premio Game A261-SM,,,,23.08.2022,52 607.17
,,,,UP,5930,UP-5930,,PC Premio Game A261-SM,,,,23.08.2022,95 852.57
,,,,S,4588,S-4588,,PC ProDesk 400G3,,,,31.08.2016,10 677.00
,,,,S,4589,S-4589,,PC ProDesk 400G3,,,,31.08.2016,10 677.00
,,,,S,4590,S-4590,,PC ProDesk 400G3,,,,31.08.2016,10 677.00
,,,,S,4591,S-4591,,PC ProDesk 400G3,,,,31.08.2016,10 677.00
,,,,S,4592,S-4592,,PC ProDesk 400G3,,,,31.08.2016,10 677.00
,,,,S,4772,S-4772,,PC ProDesk 400G5,,,,10.09.2018,17 533.00
,,,,S,4775,S-4775,,PC sestava elite desk 800,,,,13.09.2018,7 690.00
,,,,S,4776,S-4776,,PC sestava elite desk 800,,,,13.09.2018,7 690.00
,,,,UP,4781,UP-4781,,PC sestava elite desk 800,,,,13.09.2018,7 690.00
,,,,UP,4782,UP-4782,,PC sestava elite desk 800,,,,13.09.2018,7 690.00
,,,,S,4855,S-4855,,PC-Acer Veriton E2710G,,,,29.03.2019,15 200.00
,,,,S,4856,S-4856,,PC-Acer Veriton E2710G,,,,29.03.2019,15 200.00
,,,,S,4857,S-4857,,PC-Acer Veriton E2710G,,,,29.03.2019,15 200.00
,,,,S,4843,S-4843,,PC-Acer Veriton S2660G,,,,29.03.2019,25 000.00
,,,,S,4844,S-4844,,PC-Acer Veriton S2710G,,,,29.03.2019,16 333.00
,,,,S,4845,S-4845,,PC-Acer Veriton S2710G,,,,29.03.2019,16 333.00
,,,,S,4846,S-4846,,PC-Acer Veriton S2710G,,,,29.03.2019,16 334.00
,,,,UP,4627,UP-4627,,PC-Dell Opteplex,,,,13.06.2017,5 980.00
,,,,UP,4628,UP-4628,,PC-Dell Opteplex,,,,13.06.2017,5 980.00
,,,,UP,4629,UP-4629,,PC-Dell Opteplex,,,,13.06.2017,5 980.00
,,,,S,4627,S-4627,,PC-HP 280 G2MT,,,,22.12.2016,19 089.00
,,,,S,4729,S-4729,,PC-HP Compag Elite 8200,,,,22.12.2017,7 921.50
,,,,S,4730,S-4730,,PC-HP Compag Elite 8200,,,,22.12.2017,7 922.00
,,,,S,4728,S-4728,,PC-HP Compag Elite 8200,,,,22.12.2017,7 921.50
,,,,S,4730,S-4730,,PC-HP Compag Elite 8200,,,,22.12.2017,7 922.00
,,,,UP,4624,UP-4624,,PC-Intel HD (Win 10 Pro CZ),,,,29.05.2017,11 898.00
,,,,UP,4163,UP-4163,,PC-LYNX MS,,,,14.10.2014,11 011.00
,,,,UP,4164,UP-4164,,PC-LYNX MS,,,,14.10.2014,11 011.00
,,,,UP,4165,UP-4165,,PC-LYNX MS,,,,14.10.2014,11 011.00
,,,,UP,4166,UP-4166,,PC-LYNX MS,,,,14.10.2014,11 011.00
,,,,UP,4167,UP-4167,,PC-LYNX MS,,,,14.10.2014,11 011.00
,,,,UP,4168,UP-4168,,PC-LYNX MS,,,,14.10.2014,11 011.00
,,,,UP,4169,UP-4169,,PC-LYNX MS,,,,14.10.2014,11 011.00
,,,,UP,4170,UP-4170,,PC-LYNX MS,,,,14.10.2014,11 011.00
,,,,UP,4171,UP-4171,,PC-LYNX MS,,,,14.10.2014,11 011.00
,,,,UP,4172,UP-4172,,PC-LYNX MS,,,,14.10.2014,11 011.00
,,,,UP,4173,UP-4173,,PC-LYNX MS,,,,14.10.2014,11 011.00
,,,,UP,4174,UP-4174,,PC-LYNX MS,,,,14.10.2014,11 011.00
,,,,UP,4175,UP-4175,,PC-LYNX MS,,,,14.10.2014,11 011.00
,,,,UP,4176,UP-4176,,PC-LYNX MS,,,,14.10.2014,11 011.00
,,,,UP,4177,UP-4177,,PC-LYNX MS,,,,14.10.2014,11 011.00
,,,,UP,4179,UP-4179,,PC-LYNX MS,,,,14.10.2014,11 011.00
,,,,UP,4180,UP-4180,,PC-LYNX MS,,,,14.10.2014,11 011.00
,,,,S,4858,S-4858,,PC-notebook Acer Extensa 15,,,,29.03.2019,20 900.00
,,,,S,4641,S-4641,,PC-notebook Acer TMP 259-02 CE,,,,12.05.2017,20 593.00
,,,,S,3459,S-3459,,PC-notebook Acer TMS,,,,15.12.2010,15 890.00
,,,,S,4640,S-4640,,PC-notebook Dell inspiron17 HD,,,,11.04.2017,25 027.00
,,,,S,4336,S-4336,,PC-notebook Fujitsu 15.6,,,,03.06.2015,14 216.00
,,,,S,4853,S-4853,,PC-notebook HP Spectrax360,,,,29.03.2019,29 950.00
,,,,S,3609,S-3609,,PC-notebook TM5744 TravelMate,,,,12.09.2011,14 900.00
,,,,S,3635,S-3635,,PC-notebook TM5760G,,,,16.11.2011,21 500.00
,,,,S,3636,S-3636,,PC-notebook TM6760G,,,,16.11.2011,26 250.00
,,,,S,3613,S-3613,,PC-notebook TMS5744,,,,22.09.2011,14 900.00
,,,,S,3889,S-3889,,"PC-notebook Toshiba 15.6""",,,,12.07.2012,16 590.00
,,,,S,3890,S-3890,,"PC-notebook Toshiba 15.6""",,,,12.07.2012,16 590.00
,,,,S,3891,S-3891,,"PC-notebook Toshiba 15.6""",,,,12.07.2012,16 590.00
,,,,S,4648,S-4648,,PC-Opteplex,,,,13.06.2017,5 980.00
,,,,S,4654,S-4654,,PC-Opteplex,,,,13.06.2017,5 980.00
,,,,S,268,S-268,,PC-počítač AMD,,,,28.03.2006,25 090.00
,,,,S,4031,S-4031,,PC-počítač LENOVO TC EDGE,,,,02.07.2013,13 310.00
,,,,S,3898,S-3898,,PC-počítač Lynx MS PowerMedia,,,,31.08.2012,18 120.00
,,,,S,4620,S-4620,,PC-ProBook HP 470 G4,,,,16.11.2016,29 420.00
,,,,S,4701,S-4701,,PC-Úložiště dat -PC,,,,03.10.2017,30 976.00
,,,,S,4379,S-4379,,plátno NOBO Eletric,,,,31.08.2015,12 690.00
,,,,UP,4777,UP-4777,,plátno Rollo Standart,,,,30.08.2018,21 412.00
,,,,S,6012,S-6012,,Polička perforovaná,,,,24.11.2023,732.05
,,,,UP,5953,UP-5953,,Programovatelná meteo stanice,,,,03.10.2022,9 999.00
,,,,S,4352,S-4352,,projektor,,,,21.07.2015,14 520.00
,,,,S,4353,S-4353,,projektor,,,,21.07.2015,14 520.00
,,,,S,5462,S-5462,,Projektor,,,,08.12.2021,34 727.00
,,,,S,5463,S-5463,,Projektor,,,,08.12.2021,34 727.00
,,,,S,4889,S-4889,,Projektor Acer 3D/1280x800,,,,31.10.2019,18 567.00
,,,,S,4890,S-4890,,Projektor Acer 3D/1280x800,,,,31.10.2019,18 567.00
,,,,S,4891,S-4891,,Projektor Acer 3D/1280x800,,,,31.10.2019,18 567.00
,,,,S,4892,S-4892,,Projektor Acer 3D/1280x800,,,,31.10.2019,18 567.00
,,,,S,5054,S-5054,,Projektor Acer DLP P5330W,,,,03.08.2020,23 225.00
,,,,S,5072,S-5072,,Projektor Acer P5330W DLP 3D,,,,01.09.2020,33 000.00
,,,,UP,3529,UP-3529,,projektor ACER S5200,,,,28.12.2010,35 000.00
,,,,S,4674,S-4674,,projektor Acer X125H,,,,14.07.2017,11 488.00
,,,,UP,1566,UP-1566,,projektor BenQ PB 7230-KU,,,,21.12.2004,60 000.00
,,,,S,4195,S-4195,,projektor Epson EB,,,,16.07.2014,22 236.00
,,,,S,4531,S-4531,,projektor Epson EB-U04,,,,22.03.2016,20 990.00
,,,,S,3900,S-3900,,projektor Epson EB-W12,,,,31.08.2012,18 900.00
,,,,S,4378,S-4378,,projektor Epson EB-W28300,,,,31.08.2015,19 500.00
,,,,S,4028,S-4028,,projektor Epson EB-X,,,,02.07.2013,18 150.00
,,,,S,5566,S-5566,,Projektor Optoma HD29HVL,,,,22.12.2021,29 990.00
,,,,UP,4772,UP-4772,,projektor Viewsonic,,,,30.08.2018,16 456.00
,,,,UP,4770,UP-4770,,projektor VIVITEK,,,,30.08.2018,37 722.00
,,,,UP,4771,UP-4771,,projektor VIVITEK,,,,30.08.2018,37 722.00
,,,,S,4712,S-4712,,projektor Vivitek D757WT,,,,24.11.2017,37 950.00
,,,,S,4713,S-4713,,projektor Vivitek D757WT,,,,24.11.2017,37 950.00
,,,,S,4714,S-4714,,projektor Vivitek D757WT,,,,24.11.2017,37 950.00
,,,,S,4506,S-4506,,projektor VIVITEK-video,,,,25.12.2015,38 135.00
,,,,S,4507,S-4507,,projektor VIVITEK-video,,,,25.12.2015,38 135.00
,,,,S,4508,S-4508,,projektor VIVITEK-video,,,,25.12.2015,38 135.00
,,,,S,3676,S-3676,,projektor-Epson EB,,,,16.11.2011,26 250.00
,,,,UP,6368,UP-6368,,Přenosný reproduktor,,,,15.11.2024,3 029.00
,,,,UP,6130,UP-6130,,Přenosný reproduktor Niceboy,,,,11.06.2024,1 790.00
,,,,S,4861,S-4861,,přepsát,,,,29.03.2019,0.00
,,,,S,3127,S-3127,,repro bedničky 2.0,,,,19.12.2008,497.50
,,,,S,3128,S-3128,,repro bedničky 2.0,,,,19.12.2008,497.50
,,,,S,3130,S-3130,,repro bedničky 2.0,,,,19.12.2008,497.50
,,,,S,4693,S-4693,,repro bedničky dřevěné,,,,16.10.2017,1 680.00
,,,,S,4694,S-4694,,repro bedničky dřevěné,,,,16.10.2017,1 680.00
,,,,S,4695,S-4695,,repro bedničky dřevěné,,,,16.10.2017,1 680.00
,,,,S,4810,S-4810,,repro bedničky Genius PS-HF dřevěné,,,,26.11.2018,1 499.00
,,,,S,4811,S-4811,,repro bedničky Genius SP-HF dřevěné,,,,26.11.2018,1 499.00
,,,,S,4812,S-4812,,repro bedničky Genius SP-HF dřevěné,,,,26.11.2018,1 499.00
,,,,S,4808,S-4808,,repro bedničky Genius SP-HF dřevěné,,,,26.11.2018,1 499.00
,,,,S,4788,S-4788,,repro bedničky Genius SP-HF dřevěné,,,,26.11.2018,1 499.00
,,,,S,4813,S-4813,,repro bedničky Genius SP-HF dřevěné,,,,26.11.2018,1 499.00
,,,,S,4814,S-4814,,repro bedničky Genius SP-HF dřevěné,,,,26.11.2018,1 499.00
,,,,S,4815,S-4815,,repro bedničky Genius SP-HF dřevěné,,,,26.11.2018,1 499.00
,,,,S,6321,S-6321,,Repro bedny Genius - černé,,,,05.12.2024,2 290.00
,,,,UP,5807,UP-5807,,Repro bedny Genius dřevěné,,,,06.12.2021,1 890.00
,,,,S,6124,S-6124,,Repro bedny Genius dřevěné,,,,15.04.2024,2 050.00
,,,,S,5959,S-5959,,Repro bedny Genius dřevěné 50W,,,,22.05.2023,2 150.00
,,,,S,6151,S-6151,,Repro bedny Genius SP-HF 1800A,,,,06.09.2024,2 290.00
,,,,S,6495,S-6495,,Repro bedny Genius SP-HF 1800A,,,,23.12.2024,2 290.00
,,,,S,6496,S-6496,,Repro bedny Genius SP-HF 1800A,,,,23.12.2024,2 290.00
,,,,S,5084,S-5084,,Repro bedny Genius-set 2 ks,,,,16.09.2020,1 650.00
,,,,S,5085,S-5085,,Repro bedny Genius-set 2 ks,,,,16.09.2020,1 650.00
,,,,S,5038,S-5038,,Repro Genius-dřevěná 50 W,,,,22.06.2020,1 590.00
,,,,S,5039,S-5039,,Repro Genius-dřevěná 50 W,,,,22.06.2020,1 590.00
,,,,UP,5914,UP-5914,,Reproduktor-LG ON7 Hi-Fi,,,,01.07.2022,7 990.00
,,,,UP,5915,UP-5915,,Reproduktor-LG ON7 Hi-Fi,,,,01.07.2022,7 990.00
,,,,S,3973,S-3973,,reproduktory,,,,14.12.2012,2 000.00
,,,,S,6006,S-6006,,Router FortiGate 60F,,,,15.11.2023,26 365.90
,,,,S,5479,S-5479,,Router/Firewall,,,,08.12.2021,65 644.70
,,,,S,5470,S-5470,,Rozvaděč,,,,08.12.2021,18 668.43
,,,,S,5429,S-5429,,Rozvodná skříň pro opt. kabeláž,,,,03.09.2021,153 348.14
,,,,UP,6608,UP-6608,,Ruční 3D Skener EinScan HX,,,,03.02.2025,298 860.32
,,,,UP,6609,UP-6609,,Ruční 3D Skener EinScan HX,,,,03.02.2025,298 860.32
,,,,UP,5728,UP-5728,,Sada progr. pro tvorbu grafiky,,,,08.12.2021,50 820.00
,,,,S,5477,S-5477,,Server 1,,,,08.12.2021,317 579.42
,,,,S,5478,S-5478,,Server 2,,,,08.12.2021,317 579.42
,,,,S,5894,S-5894,,Serwer DELL PowerEdge,,,,07.10.2022,958 078.00
,,,,UP,6735,UP-6735,,Skener StereoLabs ZED 2i,,,,11.03.2025,21 589.20
,,,,UP,6642,UP-6642,,Sluchátka HP HYPERX CLOUDII,,,,03.02.2025,2 170.74
,,,,UP,6643,UP-6643,,Sluchátka HP HYPERX CLOUDII,,,,03.02.2025,2 170.74
,,,,UP,6644,UP-6644,,Sluchátka HP HYPERX CLOUDII,,,,03.02.2025,2 170.74
,,,,UP,6645,UP-6645,,Sluchátka HP HYPERX CLOUDII,,,,03.02.2025,2 170.74
,,,,UP,6646,UP-6646,,Sluchátka HP HYPERX CLOUDII,,,,03.02.2025,2 170.74
,,,,UP,6647,UP-6647,,Sluchátka HP HYPERX CLOUDII,,,,03.02.2025,2 170.74
,,,,UP,6648,UP-6648,,Sluchátka HP HYPERX CLOUDII,,,,03.02.2025,2 170.74
,,,,UP,6649,UP-6649,,Sluchátka HP HYPERX CLOUDII,,,,03.02.2025,2 170.74
,,,,UP,6650,UP-6650,,Sluchátka HP HYPERX CLOUDII,,,,03.02.2025,2 170.74
,,,,UP,6651,UP-6651,,Sluchátka HP HYPERX CLOUDII,,,,03.02.2025,2 170.74
,,,,UP,6652,UP-6652,,Sluchátka HP HYPERX CLOUDII,,,,03.02.2025,2 170.74
,,,,UP,6653,UP-6653,,Sluchátka HP HYPERX CLOUDII,,,,03.02.2025,2 170.74
,,,,UP,6654,UP-6654,,Sluchátka HP HYPERX CLOUDII,,,,03.02.2025,2 170.74
,,,,UP,6655,UP-6655,,Sluchátka HP HYPERX CLOUDII,,,,03.02.2025,2 170.74
,,,,UP,6656,UP-6656,,Sluchátka HP HYPERX CLOUDII,,,,03.02.2025,2 170.74
,,,,UP,6657,UP-6657,,Sluchátka HP HYPERX CLOUDII,,,,03.02.2025,2 170.74
,,,,UP,6658,UP-6658,,Sluchátka HP HYPERX CLOUDII,,,,03.02.2025,2 170.74
,,,,UP,6659,UP-6659,,Sluchátka HP HYPERX CLOUDII,,,,03.02.2025,2 170.74
,,,,UP,6660,UP-6660,,Sluchátka HP HYPERX CLOUDII,,,,03.02.2025,2 170.74
,,,,UP,6661,UP-6661,,Sluchátka HP HYPERX CLOUDII,,,,03.02.2025,2 170.74
,,,,UP,6662,UP-6662,,Sluchátka HP HYPERX CLOUDII,,,,03.02.2025,2 170.74
,,,,UP,6663,UP-6663,,Sluchátka HP HYPERX CLOUDII,,,,03.02.2025,2 170.74
,,,,UP,6664,UP-6664,,Sluchátka HP HYPERX CLOUDII,,,,03.02.2025,2 170.74
,,,,UP,6665,UP-6665,,Sluchátka HP HYPERX CLOUDII,,,,03.02.2025,2 170.74
,,,,UP,6666,UP-6666,,Sluchátka HP HYPERX CLOUDII,,,,03.02.2025,2 170.74
,,,,S,3948,S-3948,,sluchátko jazykové,,,,14.12.2012,6 332.00
,,,,S,3949,S-3949,,sluchátko jazykové,,,,14.12.2012,6 332.00
,,,,S,3950,S-3950,,sluchátko jazykové,,,,14.12.2012,6 332.00
,,,,S,3951,S-3951,,sluchátko jazykové,,,,14.12.2012,6 332.00
,,,,S,3952,S-3952,,sluchátko jazykové,,,,14.12.2012,6 332.00
,,,,S,3953,S-3953,,sluchátko jazykové,,,,14.12.2012,6 332.00
,,,,S,3954,S-3954,,sluchátko jazykové,,,,14.12.2012,6 332.00
,,,,S,3955,S-3955,,sluchátko jazykové,,,,14.12.2012,6 332.00
,,,,S,3956,S-3956,,sluchátko jazykové,,,,14.12.2012,6 332.00
,,,,S,3957,S-3957,,sluchátko jazykové,,,,14.12.2012,6 332.00
,,,,S,3958,S-3958,,sluchátko jazykové,,,,14.12.2012,6 332.00
,,,,S,3959,S-3959,,sluchátko jazykové,,,,14.12.2012,6 332.00
,,,,S,3960,S-3960,,sluchátko jazykové,,,,14.12.2012,6 332.00
,,,,S,3961,S-3961,,sluchátko jazykové,,,,14.12.2012,6 332.00
,,,,S,3962,S-3962,,sluchátko jazykové,,,,14.12.2012,6 332.00
,,,,S,3963,S-3963,,sluchátko jazykové,,,,14.12.2012,6 332.00
,,,,S,3964,S-3964,,sluchátko jazykové,,,,14.12.2012,6 332.00
,,,,S,3965,S-3965,,sluchátko jazykové,,,,14.12.2012,6 332.00
,,,,S,3966,S-3966,,sluchátko jazykové,,,,14.12.2012,6 332.00
,,,,S,3967,S-3967,,sluchátko jazykové,,,,14.12.2012,6 332.00
,,,,S,3968,S-3968,,sluchátko jazykové,,,,14.12.2012,6 332.00
,,,,S,3969,S-3969,,sluchátko jazykové,,,,14.12.2012,6 332.00
,,,,S,3970,S-3970,,sluchátko jazykové,,,,14.12.2012,6 332.00
,,,,S,3971,S-3971,,sluchátko jazykové,,,,14.12.2012,6 332.00
,,,,S,3972,S-3972,,sluchátko jazykové,,,,14.12.2012,6 332.00
,,,,S,4509,S-4509,,snímač interaktivní,,,,25.12.2015,1 815.00
,,,,S,4510,S-4510,,snímač interaktivní,,,,25.12.2015,1 815.00
,,,,S,4511,S-4511,,snímač interaktivní,,,,25.12.2015,1 815.00
,,,,UP,4773,UP-4773,,snímač interaktivní,,,,30.08.2018,2 790.00
,,,,UP,4774,UP-4774,,snímač interaktivni,,,,30.08.2018,2 790.00
,,,,S,4715,S-4715,,snímač interaktivní E4ST,,,,24.11.2017,2 562.00
,,,,S,4716,S-4716,,snímač interaktivní E4ST,,,,24.11.2017,2 562.00
,,,,S,4717,S-4717,,snímač interaktivní E4ST,,,,24.11.2017,2 562.00
,,,,UP,6763,UP-6763,,Software pro obsluhu 3D objektů,,,,12.05.2025,501 500.23
,,,,UP,5970,UP-5970,,Stativ Vanguard VEO 3,,,,14.11.2022,6 190.00
,,,,S,5472,S-5472,,SW pro server 1,,,,08.12.2021,7 528.41
,,,,S,5473,S-5473,,SW pro server 2,,,,08.12.2021,7 528.41
,,,,UP,5748,UP-5748,,SW Quine Engine,,,,96 800.00,multilicence
,,,,S,5900,S-5900,,Switch,,,,30.12.2022,39 864.66
,,,,S,6526,S-6526,,Switch Aruba JL677A 6100,,,,03.02.2025,26 184.40
,,,,S,6525,S-6525,,Switch Aruba JL677A 6100 24G,,,,03.02.2025,26 184.40
,,,,S,4790,S-4790,,Switch HP 2530 24G,,,,04.10.2018,13 217.00
,,,,S,4791,S-4791,,Switch HP 2530 48G,,,,04.10.2018,24 049.00
,,,,S,4347,S-4347,,Switch HP 2530-24G,,,,14.05.2015,14 153.00
,,,,S,4348,S-4348,,Switch HP 2530-24G,,,,14.05.2015,14 153.00
,,,,S,5481,S-5481,,Switche (1+2) - 9 ks,,,,08.12.2021,172 148.82
,,,,UP,5956,UP-5956,,Tablet Acer Enduro Urban T3,,,,25.10.2022,9 668.00
,,,,UP,5957,UP-5957,,Tablet Acer Enduro Urban T3,,,,25.10.2022,9 668.00
,,,,UP,5958,UP-5958,,Tablet Acer Enduro Urban T3,,,,25.10.2022,9 668.00
,,,,UP,5959,UP-5959,,Tablet Acer Enduro Urban T3,,,,25.10.2022,9 668.00
,,,,UP,5960,UP-5960,,Tablet Acer Enduro Urban T3,,,,25.10.2022,9 668.00
,,,,UP,5961,UP-5961,,Tablet Apple iPad,,,,25.10.2022,10 273.00
,,,,UP,5962,UP-5962,,Tablet Apple iPad,,,,25.10.2022,10 273.00
,,,,UP,5963,UP-5963,,Tablet Apple iPad,,,,25.10.2022,10 273.00
,,,,UP,5964,UP-5964,,Tablet Apple iPad,,,,25.10.2022,10 273.00
,,,,UP,5965,UP-5965,,Tablet Apple iPad,,,,25.10.2022,10 273.00
,,,,UP,5966,UP-5966,,Tablet Apple iPad,,,,25.10.2022,10 272.00
,,,,S,4748,S-4748,,tablet Lenovo MIIX 320,,,,27.04.2018,11 499.00
,,,,S,6590,S-6590,,Tablet ONYX BOOX TAB X C +,,,,02.09.2025,24 480.00
,,,,S,4978,S-4978,,"Tablet pocket 10""",,,,23.12.2019,9 995.00
,,,,UP,5994,UP-5994,,"Tablet Samsung Galaxy TAB S8 11""",,,,30.12.2022,21 990.00
,,,,UP,6378,UP-6378,,Tablet Samsung Galaxy+obal+folie,,,,22.11.2024,9 922.00
,,,,UP,6379,UP-6379,,Tablet Samsung Galaxy+obal+folie,,,,22.11.2024,9 922.00
,,,,UP,6380,UP-6380,,Tablet Samsung Galaxy+obal+folie,,,,22.11.2024,9 922.00
,,,,UP,6381,UP-6381,,Tablet Samsung Galaxy+obal+folie,,,,22.11.2024,9 922.00
,,,,UP,6382,UP-6382,,Tablet Samsung Galaxy+obal+folie,,,,22.11.2024,9 922.00
,,,,UP,6383,UP-6383,,Tablet Samsung Galaxy+obal+folie,,,,22.11.2024,9 922.00
,,,,UP,6384,UP-6384,,Tablet Samsung Galaxy+obal+folie,,,,22.11.2024,9 922.00
,,,,UP,6385,UP-6385,,Tablet Samsung Galaxy+obal+folie,,,,22.11.2024,9 922.00
,,,,UP,6386,UP-6386,,Tablet Samsung Galaxy+obal+folie,,,,22.11.2024,9 922.00
,,,,UP,6387,UP-6387,,Tablet Samsung Galaxy+obal+folie,,,,22.11.2024,9 922.00
,,,,UP,6388,UP-6388,,Tablet Samsung Galaxy+obal+folie,,,,22.11.2024,9 922.00
,,,,UP,6389,UP-6389,,Tablet Samsung Galaxy+obal+folie,,,,22.11.2024,9 922.00
,,,,UP,6390,UP-6390,,Tablet Samsung Galaxy+obal+folie,,,,22.11.2024,9 922.00
,,,,UP,6391,UP-6391,,Tablet Samsung Galaxy+obal+folie,,,,22.11.2024,9 922.00
,,,,UP,6341,UP-6341,,Tablet Samsung,,,,30.08.2024,8 269.00
,,,,UP,6142,UP-6142,,Tablet W11PRO platinový,,,,27.10.2023,21 490.00
,,,,S,5322,S-5322,,Tablet Wacom creative pen,,,,28.12.2020,12 990.00
,,,,S,5273,S-5273,,Tablet xp-pen deco,,,,18.12.2020,4 120.00
,,,,S,5274,S-5274,,Tablet xp-pen deco,,,,18.12.2020,4 120.00
,,,,S,5275,S-5275,,Tablet xp-pen deco,,,,18.12.2020,4 120.00
,,,,S,5276,S-5276,,Tablet xp-pen deco,,,,18.12.2020,4 120.00
,,,,S,4178,S-4178,,"tablet YOGA 8""",,,,10.04.2014,6 550.00
,,,,UP,5069,UP-5069,,Tablet-Acer Iconia One 10FHD,,,,30.09.2019,6 700.00
,,,,S,4593,S-4593,,TP-Link TL-WN722,,,,31.08.2016,528.00
,,,,S,4594,S-4594,,TP-Link TL-WN722,,,,31.08.2016,528.00
,,,,S,4595,S-4595,,TP-Link TL-WN722,,,,31.08.2016,528.00
,,,,S,4596,S-4596,,TP-Link TL-WN722,,,,31.08.2016,528.00
,,,,S,4597,S-4597,,TP-Link TL-WN722,,,,31.08.2016,528.00
,,,,S,5896,S-5896,,Tranciever 10G,,,,30.12.2022,1 839.20
,,,,S,5897,S-5897,,Tranciever 10G,,,,30.12.2022,1 839.20
,,,,S,5898,S-5898,,Tranciever 10G,,,,30.12.2022,1 839.20
,,,,S,5899,S-5899,,Tranciever 10G,,,,30.12.2022,1 839.20
,,,,UP,5924,UP-5924,,Třídní sada VEX GO-el. a díly,,,,02.08.2022,31 460.00
,,,,UP,5925,UP-5925,,Třídní sada VEX GO-el. a díly,,,,02.08.2022,31 460.00
,,,,S,5903,S-5903,,UPS 2200VA,,,,30.12.2022,39 412.12
,,,,S,6548,S-6548,,UPS Eaton Ellipse ECO 1600VA,,,,21.03.2025,9 590.00
,,,,S,5901,S-5901,,UPS Network Management,,,,30.12.2022,8 987.88
,,,,UP,6141,UP-6141,,VEX 123-žákovská sada-6 ks,,,,25.09.2023,35 874.00
,,,,UP,5926,UP-5926,,VEX GO-doplňkové díly a herní pole,,,,02.08.2022,16 516.50
,,,,UP,5927,UP-5927,,VEX GO-doplňkové díly a herní pole,,,,02.08.2022,16 516.50
,,,,UP,6531,UP-6531,,VEX IQ - žákovská sada,,,,31.12.2024,15 488.00
,,,,UP,6532,UP-6532,,VEX IQ - žákovská sada,,,,31.12.2024,15 488.00
,,,,UP,6533,UP-6533,,VEX IQ - žákovská sada,,,,31.12.2024,15 488.00
,,,,UP,6534,UP-6534,,VEX IQ - žákovská sada,,,,31.12.2024,15 488.00
,,,,UP,6535,UP-6535,,VEX IQ - žákovská sada,,,,31.12.2024,15 488.00
,,,,UP,6528,UP-6528,,VEX IQ-rozš. sada-robot.stavebnice,,,,31.12.2024,6 292.00
,,,,S,5998,S-5998,,Videovrátník monitor,,,,06.09.2023,9 505.50
,,,,S,5999,S-5999,,Videovrátník monitor,,,,06.09.2023,9 505.50
,,,,S,6000,S-6000,,Videovrátník monitor,,,,06.09.2023,9 505.50
,,,,S,6001,S-6001,,Videovrátník monitor,,,,06.09.2023,9 505.50
,,,,S,6002,S-6002,,Videovrátník monitor,,,,06.09.2023,9 505.50
,,,,UP,5842,UP-5842,,Virtuální brýle,,,,22.12.2021,15 984.10
,,,,S,5464,S-5464,,Vizualizér,,,,08.12.2021,14 520.00
,,,,S,3702,S-3702,,Vizualizer DC 11,,,,24.11.2011,21 000.00
,,,,UP,5729,UP-5729,,VRay-Cinema 4D - software,,,,08.12.2021,10 890.00
,,,,UP,5730,UP-5730,,VRay-Cinema 4D - software,,,,08.12.2021,10 890.00
,,,,UP,5923,UP-5923,,Výukový robot-VEX 123-sada,,,,02.08.2022,35 937.00
,,,,S,5480,S-5480,,WiFi síť AP1-30 ks+AP2-2 ks,,,,08.12.2021,358 387.99
,,,,UP,4631,UP-4631,,Windows 10Pro Mar,,,,13.06.2017,500.00
,,,,UP,4632,UP-4632,,Windows 10Pro Mar,,,,13.06.2017,500.00
,,,,UP,4633,UP-4633,,Windows 10Pro Mar,,,,13.06.2017,500.00
,,,,S,5482,S-5482,,Windows Server 2016-licence 550,,,,08.12.2021,132 891.72
,,,,S,5474,S-5474,,Zálohovací systém Veeam 1,,,,08.12.2021,17 651.08
,,3,27,S,5475,S-5475,,Zálohovací systém Veeam 2,,,,08.12.2021,17 651.08
,,3,27,S,4734,S-4734,,záložní zdroj,,,,22.12.2017,3 739.00
,,3,27,S,4735,S-4735,,záložní zdroj,,,,22.12.2017,3 739.00